sample_id,CD8_T_cells,T_helper_cells,Tregs,B_cells,Macrophages,NK_cells,Dendritic_cells,Neutrophils,Monocytes,Immune_Checkpoint,molecular_subtype
GSE118014_GSM3317251,0.1811188353472913,0.03769046175543641,-0.27616898480717306,-0.23267843355770457,0.2738855130889589,0.14771440973292985,-0.09986654956340359,-0.22602070451888032,0.21028158951872739,-0.07630695596568243,C1
GSE118014_GSM3317252,-0.043504156041599996,-0.08269488650731696,-0.43955379913879217,-0.3451113159124283,0.06925126127781797,-0.007192342812521811,-0.23994811436874697,-0.22841081955147416,-0.03231582963677154,-0.35381471118227265,C1
GSE118014_GSM3317253,0.03370950592532728,0.06331826671426184,-0.1888764560827863,-0.022945170459869345,0.33916157655437995,0.16566684648300176,0.08739484181020499,-0.2015173533931968,0.11444065891309955,-0.140450518470897,C1
GSE118014_GSM3317254,2.586080206136644e-5,0.004052551058254562,-0.2855423668960396,-0.042325043615030894,0.202963805720458,0.0953401858270005,0.0301778891932901,0.020564485820787144,0.29310520098582005,-0.2461315127113141,C1
GSE118014_GSM3317255,0.04135161348874116,-0.00960062688579355,-0.3931523826636309,-0.22166478971929024,0.15697559282902618,0.1128047444603543,-0.149897001598439,-0.2192432393936349,-0.04061670990804479,-0.18972796511382375,C1
GSE118014_GSM3317256,0.02487452311038631,0.048612965679708506,-0.2385027740955237,-0.09646680688251796,0.18815150362709324,0.09093043629463211,0.04110293248900201,-0.20956008368417522,0.1985143454374417,-0.14181189397573774,C1
GSE118014_GSM3317257,-0.0828441432317615,0.010113784359608975,-0.35288289708588905,-0.19181468116607378,0.17559197808355417,0.08853657995029894,-0.15553411429967737,-0.2037760961336604,0.06738507451622071,-0.1924668863826287,C1
GSE118014_GSM3317258,-0.27832807621131056,0.00294697487530695,-0.4475998503771484,-0.21975580377771303,0.1634146313010927,0.0488234928170339,-0.18859874980971106,-0.21861141466507777,0.07886809230894848,-0.1612328284496939,C1
GSE118014_GSM3317259,-0.05248179075480085,0.06620658086375718,-0.22918838543915407,-0.1977511720890764,0.27488031257136847,0.13948939823253648,-0.07037326292217898,-0.2015355414408762,0.22216049622773038,-0.15200312311636413,C1
GSE118014_GSM3317261,-0.033724163922043,0.014063345162275137,-0.43243475380373647,-0.19068083982305709,0.15060364785977123,0.03827488025991155,-0.1585309545507695,-0.21300870709573957,0.14462718220660348,-0.307936590607181,C1
GSE118014_GSM3317262,0.065418888848268,0.01081732432923708,-0.2329898632829279,-0.04304194642276213,0.19835694501201254,0.11921197159926146,0.04619963737379195,-0.012993280848489488,0.21397407943705593,-0.13670895504228858,C1
GSE118014_GSM3317263,-0.023710953923354136,0.12365356178296394,-0.1598944357573027,-0.18427341322817434,0.3136891639211422,0.14673440821076325,-0.045192703467790224,-0.20558866711923818,0.2107326171948149,-0.043936875777524566,C1
GSE118014_GSM3317264,-0.274635675895255,-0.018442705912629496,-0.43718678406531597,-0.21944789802697523,0.09566940545245425,-0.049743819126066895,-0.0507988500669046,-0.2355624588442224,0.052199051806893534,-0.3807150960047435,C1
GSE118014_GSM3317265,-0.21527115591750562,0.019919327212924304,-0.43326275907658746,-0.20015275162560614,0.21506980544948365,0.08141182897071099,-0.05323115503194685,-0.22089041797727843,0.04536926888414771,-0.16587480450245695,C1
GSE118014_GSM3317266,-0.11170577677301617,0.02994864662957323,-0.4411018089967309,-0.232904369672094,0.11424344974227858,0.011991319133439813,-0.13343781811777747,-0.22962941798398456,0.07477851435401699,-0.25275236248724764,C1
GSE118014_GSM3317267,-0.2846685577624334,0.07045330264975924,-0.44764485066371634,-0.19029802931732837,0.170828552119543,0.08091125371087685,-0.13112844423936582,-0.21865739528378478,0.12076871658357391,-0.11604525271714997,C1
GSE118014_GSM3317268,-0.09250411097494321,0.012251621089025715,-0.3930595030567471,-0.12627205359943885,0.20419345966679972,0.15657109831460478,0.007875148286923395,-0.209557799820619,0.1965018063257436,-0.17566756330450822,C1
GSE118014_GSM3317269,0.013153769844929702,0.11029484009960018,-0.2657560082442788,0.11163885849741201,0.27193272260619256,0.12287649276994189,0.09505379461549507,-0.22685089708814724,0.11442552827466036,-0.1272500658669905,C1
GSE118014_GSM3317270,0.016471118626842498,0.11782449459538641,-0.30046709894535,-0.13012203374411516,0.2659958421442016,0.08169234620545082,-0.1442930916629368,-0.19291842422611588,0.18893311700132615,-0.1628512485652459,C1
GSE118014_GSM3317271,-0.37415511633635057,-0.09347481378363445,-0.41023161241109124,-0.27676393107449165,0.07205804644694176,-0.07283778933200541,-0.08897180850376683,-0.26331640964729963,0.04833331685327525,-0.1896634099218946,C1
GSE118014_GSM3317272,-0.2143561088907077,-0.0023027863487390136,-0.18293610131384835,-0.21990130746275668,0.2362643599425902,0.07367809130007211,-0.09386104785825311,-0.21191207039987098,0.10264900064947698,-0.19808445718795956,C1
GSE118014_GSM3317273,0.013237561498179784,-0.017795300473591787,-0.18172063926715445,-0.23526019028255293,0.1731465327711431,-0.18180177354211174,-0.4238936994131323,-0.2502399410724162,0.06592401571327446,-0.19902933219770347,C1
GSE118014_GSM3317274,0.11544755735071116,-0.00279715144116645,-0.4114549241363504,-0.05299316402969181,0.2022349766702805,0.07463264670730449,-0.07463941729768828,-0.04998732579633689,0.1772189710597202,-0.13701536032074255,C1
GSE118014_GSM3317275,-0.03990799406769031,0.04440562594728785,-0.27969699931084674,-0.1878838718611981,0.2703902128349698,0.10984318620519003,-0.04979057940092957,-0.16983443950978522,0.21469324508118556,-0.21160155712592613,C1
GSE118014_GSM3317276,0.3283425093517735,0.31043113395886845,-0.03412896079693606,0.41827875021103417,0.3966699773692138,0.2887172467863784,0.1440003970702337,0.18334596742511017,0.35401962770161105,0.0779169520900258,C1
GSE118014_GSM3317277,-0.1781518782205691,-0.09659216493964033,-0.21607316181668587,-0.20427967180231446,0.0919727188738603,-0.07010832225523618,-0.22000608698690302,-0.24438604609907635,0.12071241905939681,-0.1844477036422319,C1
GSE118014_GSM3317278,0.09885194276697035,-0.032337211461156846,-0.28488913119629566,-0.22655071732736107,0.23489113140903467,0.03497997886059015,-0.2568929894016842,-0.21863296159208367,0.03803534246930698,-0.15804461701873926,C1
GSE118014_GSM3317279,0.01224028959357545,0.022110551879972004,-0.1582023247830446,-0.20388423428895483,0.3702661660375426,0.13931096789099254,-0.044389114652619716,0.04747259986455749,0.35411494496732515,-0.19441922710940646,C1
GSE118014_GSM3317280,-0.10716279452970115,0.07243791120649813,-0.27580735564261954,-0.1562488631608783,0.22272256000273705,0.1481080690902312,-0.11853988360886944,-0.19506151009112332,0.0845343341144355,-0.17134105879803233,C1
GSE118014_GSM3317281,-0.3977224253007456,-0.02402662766782309,-0.39692052764428043,-0.3358583649088509,0.1707780517538717,-0.02837034211271645,-0.16487577015674998,-0.2612638755914834,0.0902637727048188,-0.2835444748379379,C1
GSE118014_GSM3317282,0.00504623655303167,0.0917173028236733,-0.16426459136654653,-0.15962089082865694,0.23674245047292591,0.17628215847438233,-0.09372777081433793,-0.20760700645414235,0.1827624020176659,-0.13936896821190456,C1
GSE118014_GSM3317283,0.0885228404366305,0.10779025096883661,-0.09187218566766078,0.14304606478340587,0.2530325378995153,0.145539694282567,-0.04959298282385235,-0.20336815924485105,0.0981858006428079,0.0435895148110011,C1
GSE151904_GSM4593197,-0.11311820562075388,-0.1063764651591786,-0.00564265200769707,-0.16516529822592643,-0.07243332640693785,0.17852523798481232,-0.19634395379564776,-0.19483641962646703,-0.08420622223306705,0.032709140271993634,C2
GSE151904_GSM4593198,-0.38494191033959957,-0.0301400090468168,-0.03615486362678933,-0.21469717260483037,-0.037934332873626325,0.0502899498078924,-0.23681136229831956,-0.17641849698491605,-0.1949531244296748,-0.1317018507236496,C2
GSE151904_GSM4593199,-0.18573209543651803,-0.0779805645195743,0.03539956137213485,-0.09932839069779156,0.006603750517725743,0.16615684757665264,-0.04867773012528381,0.06601005449350081,-0.24628285467095393,-0.018331011719380133,C2
GSE151904_GSM4593200,-0.29681096446395927,-0.04092010720009249,-0.005102418970075994,-0.20701728990939644,-0.09211718738394742,0.028281513599501543,-0.13841624142172446,-0.17155384234984347,-0.21239471147226005,-0.10434821031659212,C2
GSE151904_GSM4593201,-0.2020115335210472,-0.19964640030989356,0.02109511529958788,-0.17730747562469654,-0.046568464679248536,0.10658673001405508,-0.3178910011344236,-0.43414358816061444,-0.23443099361335037,-0.07467435653106745,C2
GSE151904_GSM4593202,-0.17457808700097377,0.006342827854355987,-0.015624537313170497,-0.15586546905972953,-0.10819212377400643,0.14637037858621588,-0.12928040990328454,-0.26510811152025027,-0.10178812344986864,-0.001162089948500832,C2
GSE151904_GSM4593203,-0.13246729191866619,0.001772566144707511,-0.06356064133851608,-0.3940133859168199,-0.2440887450092379,0.14003696841264537,-0.145292100951845,-0.22049370124405426,-0.36795137800312755,0.020028842016497968,C2
GSE151904_GSM4593204,-0.14954095874043763,0.013545351136315002,-0.041778832108404794,-0.08592334050815992,-0.3651143250980265,0.15924859032087077,-0.1903648625509618,0.02295613606856472,-0.36998525295858187,-0.03358606875168008,C2
GSE151904_GSM4593205,-0.2046684197869195,-0.39603916587077714,-0.0711083976593151,-0.09181576774997308,-0.17192176080921517,0.11677983723111099,-0.13585012964546558,-0.42305129801012087,-0.155480164588346,-0.02556757740624751,C2
GSE151904_GSM4593206,-0.32409436013603177,-0.138243162145664,-0.04326589626375578,-0.15213855086654768,-0.16389534741283146,0.1361601535976755,-0.22567856699932579,-0.42970808360911644,-0.24390648292378944,-0.06012049552767102,C2
GSE151904_GSM4593207,-0.22105621306036927,-0.07926010495506053,-0.06575287341537352,-0.1559103742852526,-0.12573832459866394,0.1468593377503789,-0.28949737790340374,-0.4217486968088262,-0.1942318786353562,-0.01307154599174354,C2
GSE151904_GSM4593208,-0.380657737718821,-0.03815336519890689,-0.007976023940934095,-0.1612637085559564,-0.18004329721471107,0.10252710340480015,-0.20874415045501268,-0.1025930932187532,-0.16233502891884852,-0.06978656845052503,C2
GSE151904_GSM4593209,-0.14270288362463834,-0.054756458653028736,0.0047593900938870904,-0.0253110171102147,-0.20290210918719875,0.1378233208507249,-0.13877883242489,-0.10335106095122214,-0.25270552461097545,-0.038611183451989176,C2
GSE151904_GSM4593210,-0.29370763467102984,-0.39470283252496985,-0.1517352011444934,-0.01957465099719267,-0.17920052189192026,0.1534356135554795,-0.38182743152937726,-0.422580807929473,-0.17096864135221942,-0.035532471468603326,C2
GSE151904_GSM4593211,-0.3077067944835574,-0.07833651263171848,-0.00972578037959241,-0.06834235206516884,-0.05876655054442016,0.19122867277153185,-0.3896304812202664,-0.42796823469866346,-0.144110428873357,-0.07134010525879425,C2
GSE151904_GSM4593212,-0.31290135672409103,-0.02196798305324276,-0.012952710577787635,-0.21145771006527436,-0.1818982210726924,0.14482809782589437,-0.21703396694931137,-0.16804732445621953,-0.21544335703401785,-0.0024461301973201384,C2
GSE151904_GSM4593213,-0.16537336067336772,-0.010747671476480165,-0.05238686862993768,-0.12310071198722629,-0.1330965177206437,0.14852079519682707,-0.2025229384427382,-0.2470214188489438,-0.23265276275378075,-0.03524390878195848,C2
GSE151904_GSM4593214,-0.1973973685140086,-0.19292569910408988,-0.14134419218747699,-0.12134248604792432,-0.09841919161776373,0.17612878832085674,-0.3906294875820757,-0.42826841947775307,-0.15850585092450142,-0.01573793965541448,C2
GSE151904_GSM4593215,-0.22018705077041334,-0.14530006724067135,-0.12597165353486034,-0.40008248087392145,-0.06834792248521966,0.0757871526077599,-0.39622752323113336,-0.1313021446000913,-0.18054552421223805,-0.032723795822958104,C2
GSE151904_GSM4593216,-0.17854625979681404,-0.02762377555633409,-0.03975425575693273,-0.38662329101345266,-0.043870839943004586,0.1427859942118786,-0.28793891659414333,-0.2127885090064057,-0.3575120198246892,0.0042609143765734705,C2
GSE151904_GSM4593217,-0.18026875137029025,-0.050243689785517805,-0.05672031863387098,-0.14383584887706685,-0.16391418211395695,0.16143549968594412,-0.1342568926868671,-0.42478232142214406,-0.36373963694493,-0.0021192159544602754,C2
GSE151904_GSM4593218,-0.188624581899407,-0.12718266597219305,0.040909817556199844,-0.39583270888761446,-0.25411775477315085,0.1722736457644805,-0.21289267297447592,-0.4286356531247329,-0.3702732352531595,0.043387325357969846,C2
GSE151904_GSM4593219,-0.27611743409109124,-0.3967617812618846,-0.060045120613220815,-0.2588570792935247,-0.18294801525923057,0.14194769047737335,-0.20209382616965665,-0.4267716321165524,-0.20149659782025778,-0.019761450915876135,C2
GSE151904_GSM4593220,-0.11764622969523345,-0.04780894438341485,0.007538239055901014,-0.15871420979825543,-0.11188689909232512,0.059258818377883805,-0.20703028824258712,-0.14954116015734134,-0.10205755029539225,-0.06846256540697902,C2
GSE151904_GSM4593221,-0.11087078441534594,-0.16761920067515682,-0.10674533668115337,-0.2023230477417537,-0.18563070351945832,0.2028898297437059,-0.1489817266112219,-0.2532701179394628,-0.3812345613405197,-0.024299217465177964,C2
GSE151904_GSM4593222,-0.14202973734387309,0.04266224632365,-0.04420859465953183,-0.08277766157360704,-0.26749639551298704,0.1369367153072173,-0.1828004295619733,-0.21856023516120326,-0.36071582285186515,-0.04635758363782427,C2
GSE151904_GSM4593223,-0.3139162910763633,-0.04391525791937559,-0.08741317246594713,-0.27505745552883376,0.005121240757929067,0.03041285128235667,-0.20360166168006838,-0.23409893747033514,-0.19167818670164322,-0.0784483049504596,C2
GSE151904_GSM4593224,-0.20045667092540115,-0.3931267313573949,-0.15160834230331327,-0.19261212840548908,-0.0782254548523898,0.10374859065607801,-0.03805038557369031,-0.20168522706625616,-0.1580594437123012,-0.03811009151192764,C2
GSE151904_GSM4593225,-0.2951165465616915,-0.05686709584819797,-0.08050470111172468,-0.12910281391247566,-0.36662633472671097,0.16513397406273692,-0.23598035434246764,-0.23033395990282163,-0.37158715447216983,-0.06066504526133702,C2
GSE151904_GSM4593226,-0.3090578958833987,-0.403910559692236,-0.03109116545444493,-0.14297234946645335,-0.1912115735083129,0.1464403703352463,-0.2305126023479591,-0.16432025020645918,-0.3689593160341491,-0.013989917324048513,C2
GSE151904_GSM4593227,-0.20675229688420185,0.01156696667175398,-0.0022525505741961965,-0.18518557046886439,-0.12135578211261569,0.17093661670276292,-0.1499032572829267,-0.054544717727656844,-0.19031327672473417,-0.01144060805149367,C2
GSE151904_GSM4593228,-0.14914365434212087,-0.02351275486521616,-0.004127000192913274,-0.16753521564318988,-0.04287206325818479,0.15538857883042714,-0.29247170787852333,-0.02859980585830757,-0.15846445048438548,0.004276382120925901,C2
GSE151904_GSM4593229,-0.13808908688186045,-0.07388375361747222,0.027526647313875403,-0.38140378405877395,-0.05007313865989447,0.15108929877133165,-0.37457338533461765,-0.4173149342952499,-0.16107977891520106,-0.016934480184480606,C2
GSE151904_GSM4593230,-0.15461736967948034,-0.0728631449727742,-0.005626226823429127,-0.4020528560914214,-0.07505199679225948,0.2205592207785986,-0.29698247914804743,-0.24571778720760934,-0.2252419352734962,-0.03249325799990134,C2
GSE151904_GSM4593231,-0.18668088828126717,-0.005025121040346563,0.06841467599501846,-0.15260219889985596,-0.12066574857346113,0.110022528693044,-0.3003849750680617,-0.19139736626960724,-0.37047122308068164,0.0035978261336160745,C2
GSE151904_GSM4593232,-0.23936127496687465,-0.022355513219773776,0.030248958659591353,-0.17965013776393157,-0.1058652717846818,0.10272085084583572,-0.21196302896504832,-0.0858635463182619,-0.19371496364740443,0.05770162302579866,C2
GSE151904_GSM4593233,-0.31720605668704754,-0.14763847161964547,0.041287182546894945,-0.21705137066328525,-0.2884493741734482,0.08177815051601808,-0.23254627772326944,-0.20947254627804832,-0.22244826059297204,0.06403044265371266,C2
GSE151904_GSM4593234,-0.38494191033959957,-0.09904946763402743,0.048582440779703584,-0.16367914968642894,-0.04692806015094932,0.10331929575298066,-0.23453015548883593,-0.431204594034425,-0.1603763046140002,0.0802849401342276,C2
GSE151904_GSM4593235,-0.17007719223386994,-0.03867889121373989,-0.07547651713824789,-0.29862266024604234,-0.1726731372396602,0.1071719909851661,-0.39154749342806267,-0.07219190786563796,-0.21089534269226748,-0.08712410229319269,C2
GSE151904_GSM4593236,-0.1130439832852726,-0.07838643004083737,-0.009635518723519948,-0.1312106739481155,-0.027684861501967292,0.11244911723730773,-0.15904424639797962,-0.2593974007801408,-0.1758811447901259,-0.042618948452640776,C2
GSE151904_GSM4593237,-0.38368185956878237,-0.08651642938522107,-0.02504549938922255,0.07194444865067373,-0.1922801788461149,0.08108056016944337,-0.20778252514711243,-0.4303705422123258,-0.09373823688501137,-0.10410566304479124,C2
GSE151904_GSM4593238,-0.06037731771858177,-0.05177472125270066,-0.0667460053712248,-0.3069238109538444,-0.12091551034599266,0.13500665580967075,-0.27651016363902703,-0.1267612806325116,-0.1967325674765272,-0.09708615824468825,C2
GSE151904_GSM4593239,-0.13204917766599192,4.626588266328951e-4,-0.027658952253850098,-0.22021531618290627,-0.08707509080027802,0.15260665216549726,-0.16762463302856279,-0.19527115695204555,-0.06584568665948637,-0.008020500281141476,C2
GSE151904_GSM4593240,-0.3825442137299874,-0.07485034358124028,-0.06965914762200925,-0.07412059461684278,-0.011622539485050265,0.09407109560255782,-0.10135008749864167,-0.05538285462046779,-0.20896379179722305,-0.1611680606197524,C2
GSE151904_GSM4593241,-0.3351711825786441,-0.1089782890170802,-0.03908730228281585,-0.0815009267318634,-0.13754890023248645,0.11240868125526127,-0.09559358107121638,-0.11979667985631497,-0.21516820180494586,-0.08148117580422026,C2
GSE151904_GSM4593242,-0.2145585791986516,0.007449648524224199,-0.016889158926061045,-0.04675127487116732,-0.0865276429007132,0.1770004735787424,-0.29701225426713146,-0.24215319266785684,-0.05335839384349092,-0.06407043416810598,C2
GSE151904_GSM4593243,-0.16389323757735116,-0.02853062247579414,-0.009798582725181621,-0.12818995222774077,-0.10048006042682522,0.15751129993361063,-0.29000424880760184,-0.23153278317357015,-0.1872370654044976,-0.06890906244953499,C2
GSE151904_GSM4593244,-0.18904950041574278,-0.39589032362646775,-0.07847273174471749,-0.28439034817552966,-0.08777536099624,0.13562407987655112,-0.27152613057897995,-0.42256792643393454,-0.16701036336027422,-0.04514360219578266,C2
GSE151904_GSM4593245,-0.37935448520729004,-0.09720002023965386,-0.01888888071824154,-0.16630175806465866,-0.18883106540213948,0.11737218757921845,-0.16715974604789866,-0.05667885848209663,-0.2077696852237501,-0.0799380234590543,C2
GSE151904_GSM4593246,-0.15338437799248195,-0.052386291725241604,-0.1379839718712785,-0.08185971719092243,-0.11978932745039551,0.14733918998119197,-0.19823384035238245,-0.41952125375032584,-0.18959272398264707,-0.08836739627790637,C2
GSE151904_GSM4593247,-0.31781222917563123,-0.4085487756941173,0.01796148186054325,-0.301158769102371,-0.0882009010701092,0.1328362436374365,-0.3107887812710759,-0.19166395675093417,-0.19678703845235118,-0.05290953483365076,C2
GSE151904_GSM4593248,-0.2882600805312054,-0.24867475977781384,-0.07155295408898481,-0.17635238670456085,-0.18565722837180815,0.11346295796884766,-0.39122349136477313,-0.23025814222068236,-0.16934273344309073,-0.09264469258119534,C2
GSE151904_GSM4593249,-0.19959381312192237,-0.10415058795393839,0.008322534236144373,-0.07298390261994676,-0.0839271168619922,0.2385244354346326,-0.2980785194557125,-0.21077262836783625,-0.13105828565079786,-0.020806564491771255,C2
GSE151904_GSM4593250,-0.3033792439874224,-0.08886803610766836,-0.03367895205321778,-0.11757248232694817,-0.0651961071005351,0.11211286140009842,-0.15843039569475986,-0.426948163503797,-0.1441605186050756,-0.06170029724349886,C2
GSE151904_GSM4593251,-0.30222927253393883,-0.20369851430952016,-0.048424497892519146,-0.13166533531072971,-0.07617785994094053,0.19645029474401499,-0.1157064603818424,-0.4319005371219355,-0.18900303678407557,-0.03137227659609147,C2
GSE151904_GSM4593252,-0.2643822906268432,-0.026900117745877913,-0.06676984388479733,-0.05005074941349433,-0.10635137921502359,0.13234648297456533,-0.31802356924055986,-0.19845184631152485,-0.04460031632561217,-0.09944554797743724,C2
GSE151904_GSM4593253,-0.235860748166607,-0.05777277180590978,0.037195587511099394,-0.10737054647708966,-0.07440099689633681,0.07792104990395471,-0.14422045685514237,0.03866240476417537,-0.25196510066788547,-0.07959424889024386,C2
GSE151904_GSM4593254,-0.15743209657490345,0.03762648045068129,-0.25085768380663276,-0.05629103708885725,-0.16092161978157407,0.06359480310376439,-0.26671582569638663,-0.4185253702395681,-0.02728632241122837,-0.07060033225206992,C2
GSE151904_GSM4593255,-0.37629436190673404,-0.40319375149008496,-0.06026473997954172,-0.23705059559133945,-0.0863786715439559,0.09846999977359835,-0.26169778380621733,-0.42528177384756155,-0.3638836280922188,-0.11166449145159617,C2
GSE151904_GSM4593256,-0.28251135795885063,-0.0267521859500915,-0.04646576282934152,-0.13752065362351426,-0.24923374787082173,0.13086312609758133,-0.369443352665867,-0.16900309260173513,-0.34642470148345134,-0.029182724963241202,C2
GSE151904_GSM4593257,-0.1073423463001847,-0.01881912100073498,0.023872962570464912,-0.018052590035871584,-0.19503543847064678,0.1480242147865965,-0.071927234802002707,0.039581563686834235,-0.25474390488802434,-0.03481616213179877,C2
GSE151904_GSM4593258,-0.23426317051197063,-0.14756619508685187,-0.08696548140959784,-0.1649471898923697,-0.06778121775725354,0.10233177799034775,-0.3948685145767801,-0.4317035973120843,-0.1508676079810755,-0.07143694878029763,C2
GSE208446_GSM6346515,-0.2006481719995586,-0.06115549819995182,-0.20223544219357173,-0.10984040574934388,-0.07785448197825486,-0.0317316526181388,-0.41998767453903096,-0.16146136226124255,-0.1605244599734323,-0.14584887687947495,C3
GSE208446_GSM6346516,-0.22069584616291496,-0.06959222305024193,-0.1463513290637584,-0.16707707557807508,-0.16167288111447461,-0.003690761703925597,-0.42371369826686045,-0.22651850811850252,-0.15303707872282168,-0.15431242510629953,C3
GSE208446_GSM6346517,-0.236322834970613,-0.07287528363924421,-0.18130462175430376,-0.17498874317342247,-0.08965218622732174,-0.02017944015009686,-0.42109468158860347,-0.19725822961301612,-0.15547032183504164,-0.14120854710349628,C3
GSE208446_GSM6346518,-0.22117279746870272,-0.05370232287920496,-0.15065890295579304,-0.1175305550557734,-0.08043228966480993,-0.003809685681076101,-0.41959167201723274,-0.07349379653428945,-0.11814731812519409,-0.1138494560842973,C3
GSE208446_GSM6346519,-0.15826582277145895,-0.0663844081007695,-0.04596954346981937,-0.1193066783302345,-0.036750918937861386,-0.04682068125941135,-0.428195726809032,-0.2382538100383419,-0.16574005339256404,-0.09154263227443762,C3
GSE208446_GSM6346520,-0.17085260060911378,-0.04460408177586164,-0.1282028096261803,-0.15628841828363954,-0.06596357075674104,-0.10160041687968631,-0.42628771465854937,-0.24276885838195664,-0.24520528931089586,-0.09892701749622713,C3
GSE208446_GSM6346521,-0.15752510498976532,-0.05437607140661258,-0.05396676081282462,-0.23699740277455178,-0.08339411589706458,-0.038361061411047066,-0.35005033705043104,-0.2290978530070132,-0.1990133501567508,-0.09065342474509366,C3
GSE208446_GSM6346522,-0.2195997598793221,-0.01983853223364128,-0.04443670210023733,-0.06318107936163889,-0.037495591033703826,-0.09737341138427029,-0.43112974549326477,-0.21914281124786267,-0.1612828236609431,-0.1412017124486735,C3
GSE208446_GSM6346523,-0.2661253615849243,-0.1624662655029145,-0.04130878079897729,-0.1875924638914437,-0.025369102929745892,-0.055956675676254244,-0.42662971683646606,-0.21943809937941922,-0.11624819517128725,-0.0023414161340671496,C3
GSE208446_GSM6346524,-0.30542351329388767,-0.09150316605958009,-0.07333082865680804,-0.2740025832945515,-0.019847431656505616,-0.041790345611485286,-0.4285467290442623,-0.21964909205313157,-0.1201156680952848,-0.09185997326709454,C3
GSE208446_GSM6346525,-0.30255478024438104,-0.1391813189727688,-0.09804408228001953,-0.19853977651889032,-0.032104763024513455,-0.048156528285169135,-0.427412721822749,-0.3774836100983621,-0.1062723506316279,-0.09339043557002508,C3
GSE208446_GSM6346526,-0.3069432159330043,-0.13316151535369736,-0.17677171758770366,-0.1734413882049474,-0.037955015838303005,-0.06158180331991697,-0.4267827178107972,-0.2195689666334617,-0.12599000438544325,-0.0858835150105792,C3
GSE213504_GSM6588247,-0.11933999715863697,0.14034178835651628,-0.0823318717079615,-0.1780064134004531,0.09124695838365211,0.08295485759681867,-0.1606855227958088,-0.32594367032495103,-0.08553517468577262,-0.0580927157579211,C3
GSE213504_GSM6588248,-0.1261324243558316,0.06600848374377886,-0.06392832692995776,-0.17456687971102874,0.08710933523302693,-0.012465010721260265,-0.16312402459928402,-0.3254227839677858,-0.08620209689157061,-0.11593054650893198,C3
GSE213504_GSM6588249,-0.1914032052285043,0.07020709240234844,-0.17991277921909507,-0.23654256696515147,0.09966209944252061,0.03932872953978436,-0.157174442766246,-0.32573559289716125,-0.08550791770967925,-0.08819958075107329,C3
GSE213504_GSM6588250,-0.24234916649868518,-0.023083066357602038,-0.04681669336916886,-0.20094540583867726,0.007368259585458506,0.05534171241528324,-0.10994397225650869,-0.32438799423167136,-0.11616549762821017,-0.04733221448814413,C3
GSE213504_GSM6588251,-0.35283166042919983,-0.004700432642764813,-0.05642282765439951,-0.1624362632246976,0.03649574989502373,0.028060332308814242,-0.07567312637408509,-0.32438864736204004,-0.14714569909867417,-0.077423741179045,C3
GSE213504_GSM6588252,-0.2083078830744366,-0.0021666233792706747,-0.0859732620471276,-0.2257239232850447,0.01877959390498064,0.052148683963178726,-0.17608965977109925,-0.18641866381574948,-0.13438876074071404,-0.10031067600740057,C3
GSE213504_GSM6588253,-0.21099785300519658,0.04202924279475042,-0.1284902843421988,-0.2765678646323404,0.04926922956239112,0.04033118720144247,-0.13123020389382486,-0.13444145585286493,-0.04786042978826694,-0.03628756625704648,C3
GSE213504_GSM6588254,-0.17811481636910242,0.02296608147193158,-0.15713235671207568,-0.22715899109883436,0.06430367244951249,0.033294034117819914,-0.12488557262258902,-0.1661374393206372,-0.04004950854886292,-0.08990888235619493,C3
GSE213504_GSM6588255,-0.31948784563158655,0.023886198015079806,-0.10516599139502075,-0.28601363648862493,-0.03145642598840746,0.020901739977977205,-0.14659445957684783,-0.3255163320590378,-0.13356364692282632,-0.07642484898972525,C3
GSE213504_GSM6588256,0.13313676999750076,-0.08722874734599619,0.0375581549544399,-0.3001349956052495,0.03791914344796442,0.07790239767730375,-0.17206183229622898,-0.32360968602773843,-0.05814429013104434,0.05169724168862773,C3
GSE213504_GSM6588257,0.12252340442076577,-0.09226340090705856,0.03314770496069764,-0.3696487005777536,0.03814300328995477,0.05146767046445802,-0.2730108014150386,-0.32411909359840285,-0.11338212951594419,0.01960220866654805,C3
GSE213504_GSM6588258,0.11453103830874004,-0.0782787824795237,0.05135171268446527,-0.17972518585071393,0.038485731584917325,0.07459141572040019,-0.22281389498607476,-0.3239459301506676,-0.11883109305277247,0.0382879262834732,C3
GSE213504_GSM6588259,-0.1576344186772447,-0.03760442656077923,-0.13334826387697515,-0.31646772908686893,0.16612847482343074,0.09647209244641082,-0.033326313641441806,-0.22589608135261777,0.040811878042821596,-0.002554177898799844,C3
GSE213504_GSM6588260,-0.24233512768473348,0.12161475298858987,-0.199571518970595,-0.22255851646306685,0.09389243668163531,-0.101057394616141,-0.007348950834290922,-0.32364462931559224,0.07522071436184709,-0.1771863423981827,C3
GSE213504_GSM6588261,-0.26891479391338036,0.06819255029340375,-0.1990555611713373,-0.2051124254008174,0.09386824059377523,-0.11565241809294838,-0.05998908501159093,-0.32028233682514595,0.040614401758954186,-0.174364282139961,C3
GSE213504_GSM6588262,-0.29791418286833443,0.0749478940888401,-0.16476839888508268,-0.23964284898243038,0.09797434310101003,-0.10743584003032619,-0.06307135768081748,-0.3225120843023137,0.06656168003361895,-0.18005415569053274,C3
GSE213504_GSM6588263,-0.2982293914147279,0.024353468831790338,-0.04763284911045002,-0.21275053254856216,0.18780921617492097,-0.010709275325438819,-0.19038911410961423,-0.06867924567596564,0.026968560461632082,-0.05824067244362769,C3
GSE213504_GSM6588264,-0.37623681654053737,0.00570713048487539,-0.06039932692297867,-0.18597489174781612,0.21206085669462882,0.004830545145270598,-0.1957862326663712,-0.17175329795055927,0.036105744935161284,-0.0951691468609303,C3
GSE213504_GSM6588265,-0.2272624202321346,0.03213805806725779,-0.10610102361919635,-0.2711370657995931,0.1506145658088123,-0.02220785647598467,-0.20384617225841162,-0.1267049615642541,-0.01837214280091461,-0.09017039895459993,C3
GSE213504_GSM6588266,-0.36087890056879335,0.12286641228640777,-0.1694366070136712,-0.18819587007495375,0.10118783331734305,0.034912061555397333,-0.12779289099347466,-0.3250549662378968,-0.03925841590906917,-0.11286748828307602,C3
GSE213504_GSM6588267,-0.3129690915694458,0.1314897064039581,-0.18221980584850628,-0.18319214689675234,0.10776346930073216,0.030659628758927512,-0.08150316802788023,-0.32571987338754654,0.03303642272245027,-0.08775744392838235,C3
GSE213504_GSM6588268,-0.27948691133302983,0.12572787660380672,-0.15167647567800346,-0.16547563392178855,0.09922730667174826,0.015705472854450574,-0.08099318969011915,-0.32492531023898574,-0.05488180717144039,-0.06759667239685554,C3
GSE213504_GSM6588269,-0.18988503123748784,-0.17261748729268658,-0.051818833447625584,-0.28998214361583013,-0.2750633145919215,-0.04486321243867828,-0.1567108104187702,-0.24269550279957258,-0.4322254263741674,-0.1403164940029832,C3
GSE213504_GSM6588270,-0.16235148368081675,-0.3033450207090881,-0.06032537254178245,-0.3109677972962005,-0.20474296944934403,-0.05206171614077593,-0.21747408758085113,-0.3200354157298581,-0.4200401755348524,-0.17173596435934055,C3
GSE213504_GSM6588271,-0.2023694474127929,-0.3157145670590965,-0.059423550836743694,-0.2616902694082087,-0.1910433722704298,-0.04700743693108545,-0.2219958564461781,-0.3234333246835038,-0.22032833343925176,-0.15905748788906793,C3
GSE213504_GSM6588272,-0.30596357132799534,-0.13735300134110662,-0.06242168337359594,-0.2766015457442815,-0.14324330197336857,-0.10267506232322751,-0.4188266671455769,-0.3134125397622997,-0.2498683645151218,-0.11572156818895442,C3
GSE213504_GSM6588273,-0.33764312290657883,-0.18284094142975565,-0.04993304281197594,-0.35076692395612696,-0.12290951861726371,-0.1098236644822678,-0.41404763671205663,-0.30905842078898066,-0.14344416534224064,-0.1825351638678576,C3
GSE213504_GSM6588274,-0.2614922973515942,-0.15044913212284777,-0.06340590840357094,-0.244918521427088,-0.11153191469710808,-0.11481057928566114,-0.2802513338641849,-0.315048887331697,-0.18237206611631598,-0.16522103864925616,C3
GSE213504_GSM6588275,0.08574761261751321,0.35640722312928463,0.20683733087813885,0.4285520488281173,0.394229989075094,0.20032690722255234,0.22742799668979313,-0.04199878780732019,0.3850606352625733,0.11828888724666983,C3
GSE213504_GSM6588276,-0.022390504760585697,0.19499048227258942,0.08658681469440008,-0.13699848640634785,0.3686199856639495,0.21605496868611243,0.007039620290380688,-0.05236857016715281,0.27371919121767857,0.03568470178894476,C3
GSE213504_GSM6588277,-0.06260115262603781,0.030144239047142894,0.03121353254903587,-0.21900872455227618,0.1573004572545035,0.12188528271356026,-0.14025497524374936,-0.13826523303674346,0.05819884887349415,0.004742045357138659,C3
GSE213504_GSM6588278,0.03898204094214328,0.03358103815898253,0.08343161629358072,-0.2405411093705888,0.12401574735257678,0.08614317031197917,-0.1557219306578363,-0.15469951074986688,0.031487074017014886,0.030864623185013765,C3
GSE213504_GSM6588279,-0.09247572311710828,0.1526832441794111,0.009744628521568911,-0.20185246089120912,0.32189571202769873,0.13894150772879638,0.009375801238502205,0.013248990973774761,0.25300085236147346,-0.030085384795039256,C3
GSE213504_GSM6588280,-0.024815600891211455,0.0940145649022938,0.08244572025734938,-0.0799270647568802,0.30858511591721133,0.13822193572500338,0.0032281353715783306,-0.048722837510944195,0.28190344756336166,0.03690190361635642,C3
GSE213504_GSM6588281,-0.017918045182397115,0.08077125870136266,0.10271233454016167,-0.15873008076860085,0.25502989431092565,0.044081706584105436,-0.08967522318296875,0.007999015185781258,0.1723057632733394,0.05556067077001933,C3
GSE213504_GSM6588282,-0.046502638659314456,0.04243742245302379,0.01887183231548917,-0.10406098442551621,0.16322647765319911,0.09524892435134157,0.052089083577697814,-0.22000112220392892,0.10640602580542197,-0.00231588972096729,C3
GSE213504_GSM6588283,-0.16984598515116459,-0.22617418376207157,-0.0732989123534083,-0.2922878845467063,-0.23508666804213613,-0.025846751781165606,-0.20612129110544694,-0.25534040692530663,-0.23672160593086483,-0.15544187514923888,C3
GSE213504_GSM6588284,-0.3343811848996071,-0.18013137778692687,-0.06662137843402459,-0.2047531424985376,-0.16932363627381486,-0.09221951541729628,-0.43534177231602844,-0.1024517900990003,-0.18552087416635324,-0.17226692486868975,C3
GSE229701_GSM7173418,-0.3995801001514361,-0.22961836237824948,-0.14231691835689012,6.925944777326384e-4,-0.12307524010713189,-0.04868716732141113,-0.40852160152150774,-0.25062616156614315,-0.09556927910009166,-0.14969942548559848,C3
GSE229701_GSM7173419,-0.3988456705593026,-0.2322601937457846,-0.12989821781273955,-0.030260660812988213,-0.12444776281062822,-0.046603555597533146,-0.40803559842657344,-0.25099813059778053,-0.11944380937179552,-0.2180315317525105,C3
GSE229701_GSM7173420,-0.30624042825104597,-0.10087663951867169,-0.12580247263859004,-0.08592108865433058,-0.06088020313062833,-0.04609241197385649,-0.4083956007191173,-0.2507751037355827,-0.11502512890632828,-0.2161716678983322,C3
GSE229701_GSM7173421,-0.3100949399008266,-0.10498837558006317,-0.22026336515627723,-0.09499435858621967,-0.21963170847094596,0.021179075618758078,-0.40026854896493874,-0.2577836007633087,-0.10823166110529267,-0.22417687843717904,C3
GSE229701_GSM7173422,-0.29614257915163567,-0.10491490187952732,-0.22100970474318374,-0.07630117054537848,-0.12724608734307347,0.010923684593421959,-0.4028875656431956,-0.25764535876463035,-0.11461315992632574,-0.2278428381741583,C3
GSE229701_GSM7173423,-0.39052933547190904,-0.08894319667043818,-0.23023484970482322,-0.09103695213209793,-0.2365520391962273,-0.043586692575198004,-0.3995035440932829,-0.2575829188281905,-0.13797797412490337,-0.2242492897228983,C3
GSE229701_GSM7173424,-0.3979960363252659,-0.22905170506243544,-0.1469749777324911,-0.016542646525298584,-0.05981366130754108,-0.046195182038217986,-0.40715359280984087,-0.24971934597166393,-0.11214413964891477,-0.10809220773452936,C3
GSE229701_GSM7173425,-0.3995224978304845,-0.0975918237058575,-0.2086071660514025,-0.013858326684166576,-0.023542431658716476,-0.04761915866464039,-0.40871060272509324,-0.24795298433952218,-0.09411055918085498,-0.15367536155492217,C3
GSE229701_GSM7173426,-0.2955263104142845,-0.22734613236989498,-0.21929586689632397,0.005348997366939405,-0.09416932338268696,0.008708899690528505,-0.3988555399667039,-0.24739110277860463,-0.1357704834392529,-0.05807837160208046,C3
GSE229701_GSM7173427,-0.3922502048103394,-0.2340162398958307,-0.22009546796547017,-0.12816204160759875,-0.10045568488790653,-0.03634596437524058,-0.40128555544137523,-0.2576852664196081,-0.15729784352622414,-0.14310452543818505,C3
GSE229701_GSM7173428,-0.3118528966020471,-0.07646008687064562,-0.14538108914292527,-0.1256609686102892,-0.1776258558153705,0.027685250830129716,-0.4026805643249829,-0.2567926069687311,-0.16725222177795138,-0.09097446172155436,C3
GSE229701_GSM7173429,-0.29801428130901847,-0.10285676268257976,-0.13735078868837763,-0.10060247290181237,-0.13696029920084793,-0.03696942283629873,-0.4054885822068253,-0.25450917494112574,-0.11756055148202149,-0.17268044515029685,C3
GSE229701_GSM7173430,-0.3962103643757649,-0.2336592932202282,-0.1273674261301086,-0.011966636492940497,-0.10040007146746238,0.0056806766236289505,-0.4054615820348845,-0.2583643416146967,-0.09037558983118033,-0.2829169935561622,C3
GSE229701_GSM7173431,-0.39848565605335484,-0.10101297229184836,-0.12385066492379951,-0.02313616924132672,-0.12626927047386938,-0.04707035811091424,-0.408089598770455,-0.2538421568160218,-0.11527425495182418,-0.22094381817622655,C3
GSE229701_GSM7173432,-0.397974435454909,-0.08489141982709703,-0.13715024566068917,-0.030114717946172893,-0.2263465706565353,0.008984375521073753,-0.40688359109043293,-0.25603342868576345,-0.11407821278440451,-0.1448505688218662,C3
GSE229701_GSM7173433,-0.31409383705125066,-0.23160037997450394,-0.11083315398491803,-0.07301116112602202,-0.13222402562906133,-0.06785797620114907,-0.40682059068923776,-0.25622471844025296,-0.12339170135259563,-0.21235858279112027,C3
GSE229701_GSM7173434,-0.39968810450322045,-0.10088790429989064,-0.03726384692220316,-0.07728795199665098,-0.11837290006338838,-0.06578412660461283,-0.4089086039859924,-0.25252929250828876,-0.10297912789194678,-0.1933394390104998,C3
GSE229701_GSM7173435,-0.39703839773944477,-0.05284518055786315,-0.1123893455019137,-0.0916895821980108,-0.21666461111143123,-0.061496742384920644,-0.4060465857602683,-0.25683047168974543,0.02325823980651972,-0.08719255531660149,C3
GSE229701_GSM7173436,-0.3990040769419197,-0.10156870327108468,-0.12362770833529961,-0.08429078347852383,-0.08497602163624024,-0.006479739405617491,-0.40819759945821815,-0.2553826819958186,-0.10336435469799268,-0.19278427949775243,C3
GSE229701_GSM7173437,-0.3964551742398094,-0.23323002710714835,-0.12356237875263433,-0.06796313897532437,-0.14688448579229005,-0.005364776617610483,-0.4052455806593582,-0.258345123531576,-0.1260877011019635,-0.08551296428558076,C3
GSE229701_GSM7173438,-0.3913069668047563,-0.23454441386333058,-0.10394273409346137,-0.07733949344654949,-0.12198829548870982,-0.06396279913621981,-0.40004354753209875,-0.0320455527323049,-0.11434379154521501,-0.20559323112716268,C3
GSE229701_GSM7173439,-0.39991131349690806,-0.23127197846677056,-0.11222455614676281,-0.04471548270687515,-0.1149135422476643,-0.004266807544736772,-0.3049756074970917,-0.2522893943610443,-0.11614947799543258,-0.12669855914355319,C3
GSE229701_GSM7173440,-0.3829042282359352,-0.22489287093876534,-0.053530995332080805,-0.004895266319889408,-0.14762452745443191,-0.0033673502227053852,-0.39172749457433464,-0.11532818823726605,-0.1071409850622096,-0.12946170272712754,C3
GSE229701_GSM7173441,-0.37783522399219044,-0.10135111030101748,-0.031072292900759427,-0.06184162533297248,-0.14150620965820654,-0.05927683890475774,-0.29477350724219725,-0.24421647964410817,-0.09498293115800771,-0.12563885064992147,C3
GSE229701_GSM7173442,-0.29964203546494433,-0.10202327037490724,-0.13945432786885223,-0.0941593395258211,-0.05021200608187456,-0.04641280921834471,-0.4093496067943587,-0.25145359624279057,0.0053031387626502925,-0.1590164841253009,C3
GSE229701_GSM7173443,-0.39780882878217305,-0.22609713791123223,-0.05032467431661745,-0.06930239410517385,-0.0843041365505393,-0.045690653723582074,-0.4065955892563978,-0.24687973799770596,-0.0027966727053548683,-0.10329717026152696,C3
GSE229701_GSM7173444,-0.3158442545751708,-0.22687699096358876,-0.21254659904838424,-0.08502262263359792,-0.14672198316655358,-0.04634981499526221,-0.4094576074821218,-0.24849855868201545,0.014360290454841463,-0.15113771631748382,C3
GSE229701_GSM7173445,-0.39968090421310154,-0.2297331622655892,-0.14228693913861584,-0.10221998910461903,-0.09715238426435249,0.002343627420377196,-0.40898960450181476,-0.25436916068624793,-0.19445147297516413,-0.1017865411762524,C3
GSE229701_GSM7173446,-0.3669915870730434,-0.07525835827263856,-0.05565154778932616,-0.07674543832562804,-0.14085859630923317,-0.059154183159752134,-0.3762113957656923,-0.2367006946673496,-0.008404869960935613,-0.09662522679795321,C3
GSE229701_GSM7173447,-0.2998246679287716,-0.10353524754500254,-0.12154685208777752,-0.07974205518155567,-0.06619343398665568,-0.06206730913419809,-0.39354550615168127,-0.24723191486474944,-0.12496015097639693,-0.12059878942926205,C3
GSE235092_GSM8181061,0.013920836274364098,0.07509128452523393,0.08517127905104459,-0.13839482085839816,0.1944356069223835,0.15599038426572825,0.008351413829537644,-0.17617011914366193,-0.11271807866216413,0.06880356425963324,C3
GSE235092_GSM8181062,0.2559380701474672,0.22134137730328302,0.2761032719259249,0.033860089374653526,0.4115471024289067,0.18085747437319474,0.092891798024932,0.02772264862632977,0.2557565255332367,0.2540428251482196,C3
GSE235092_GSM8181056,-0.2985350343851232,0.07640314576479544,-0.031183217721668106,-0.417691125153009,0.3391779448591264,0.19888840071727165,0.05409071890503739,-0.47580151704908047,0.20320230450625476,-0.04771653199116008,C3
GSE235092_GSM8181050,0.03985528306638079,0.1580423252171526,0.03732419405521414,-0.0029231273851626337,0.34751952458783514,0.17632295063025297,-0.276933403465552,-0.18814009726134953,0.14823054085951515,0.058252788788769126,C3
GSE235092_GSM8181057,-0.08495385704852426,0.2349398745069607,0.00593876029649237,-0.14222279435694274,0.34736912230309486,0.20230280169835088,0.10305309807412073,0.04672305250355036,0.10168786873943496,0.10805145743511535,C3
GSE235092_GSM8181051,-0.17950291190467166,0.01749485383958033,0.02881584595314849,-0.3051557790736677,0.1260972581687824,0.17637708089676163,-0.03733841030516424,-0.0879518802885994,-0.033915907670285024,-0.04532996868437581,C3
GSE235092_GSM8181052,-0.12102226132409631,0.09466072999859673,0.004607392190828009,-0.17404282656917555,0.3020000186543372,0.21072019693596333,0.00338325576267407,-0.18826900108866879,0.0848938088108554,-0.0851632662265904,C3
GSE235092_GSM8181059,-0.3997169056636963,0.0655971846289276,-0.2151629394568595,-0.03960213144500316,0.23020977253994615,-0.03836260912896721,-0.11962668172563884,-0.43620924881804,-0.07682539765811325,-0.14948637051585606,C3
GSE235092_GSM8181064,-0.35328708931413083,0.12443649064511177,-0.049150816741887926,-0.42001269726400464,0.15784116257001138,0.19446700419760776,-0.1467918968321342,-0.4850889403084357,0.02265198184710899,-0.042200856328611216,C3
GSE235092_GSM8181053,0.07879000697139148,0.06767927681942254,0.10275401499829333,0.025137828356285932,0.36088935868391797,0.09832377417208778,0.19908129523826143,0.08340613309376442,0.21519111195511578,0.05678606383094383,C3
GSE235092_GSM8181055,0.14640336749388447,0.15191519092365782,0.07477383098141505,-0.07995404981620831,0.36382233098884925,0.20034408980435306,0.08235947022967689,-0.05219549290316916,0.18315256636738134,0.09583121996734226,C3
GSE235092_GSM8181058,0.43605623874324134,0.27664244461113485,0.3839212709748755,0.17301898025804663,0.5149110596915643,0.24005978950402257,0.14302899289822338,-0.18834814398402833,0.40338229397093933,0.3802944637952402,C3
GSE235092_GSM8181054,0.22980352537297244,0.20360275536875727,0.20724896618758004,0.07591944635715758,0.40224549952827865,0.05197311202653715,0.28299137837024907,0.018152091642541723,0.1634096362761216,0.16239170936753597,C3
GSE235092_GSM8181060,0.00698414178381991,0.18615998011557014,-0.024677047621094097,0.04360127154139827,0.3792834932164051,0.2599271554140464,0.1541459885333779,-0.44489930466020633,0.19677921564875814,-0.045520355698551444,C3
GSE244945_GSM7832476,-0.05603094163342459,-0.04063749285873645,-0.009995465827471784,-0.11727058748049855,0.11855806550513974,0.13860080564351943,-0.08342738297062055,-0.21511041179412863,-0.00801695473448448,-0.030044498417088564,C3
GSE244945_GSM7832477,-0.056074058924198075,-0.040665850361852864,-0.010021935007226191,-0.11739935107439183,0.11851337445611333,0.13859401164909713,-0.08354299911544348,-0.21516462287392463,-0.008072124075514907,-0.030147931898077598,C3
GSE244945_GSM7832478,-0.05674756331964086,-0.030597122747914433,-0.010811697889094904,-0.11982932354551909,0.11858581051294678,0.13859276430327552,-0.0857865021484244,-0.20511173521088763,-0.008881822517954656,-0.031129518312327024,C3
GSE244945_GSM7832479,-0.04934944518168014,-0.05538631097909624,-0.003651411239466371,-0.12035598811388847,0.11850317133622353,0.14072817902994794,-0.06482500060599874,-0.20444219975288888,-0.0021308623379286567,-0.022817606470998477,C3
GSE244945_GSM7832480,-0.05532912045245267,-0.04549141215507617,-0.009079366642187605,-0.112481181719374,0.11853043922641607,0.1382634700555778,-0.07749662323189566,-0.2170758227803134,-0.006958473044142349,-0.028604769064098347,C3
GSE244945_GSM7832481,-0.048366016017058165,-0.04153953049154178,-0.003010210128831226,-0.12336738961275863,0.11855755788695369,0.13824042469030734,-0.06899775091895166,-0.2041729078740874,-0.00163489239957822,-0.0224314445754911,C3
GSE244945_GSM7832482,-0.0567098635529658,-0.0330006011415998,-0.010866810736728781,-0.12155459515123897,0.11864807367099062,0.1403311698788881,-0.08872729258308115,-0.21059745763446228,-0.008904642577136858,-0.03136810501374826,C3
GSE244945_GSM7832483,-0.05671740970340169,-0.03296581195244134,-0.010858172031516398,-0.12156467895216129,0.1186567851998135,0.14014242731124563,-0.08871266416965592,-0.2105796208971832,-0.008885173808673786,-0.03139234571940151,C3
GSE244945_GSM7832484,-0.05673148456131997,-0.03302136167700269,-0.010858172031516398,-0.12156467895216129,0.1186392126919709,0.14044709874895883,-0.08872729258308115,-0.21059745763446228,-0.008904642577136858,-0.03140609675596012,C3
GSE246690_GSM7874626,-0.2867379825486286,-0.09829065799690638,-0.1467178606616074,-0.13282639171300892,-0.056159264940747695,-0.1849458936824264,-0.12054356227085931,-0.16078665390461108,-0.07064162309938019,-0.1474121332079119,C3
GSE246690_GSM7874627,-0.2212283414020175,-0.10158104810739052,-0.12736353126333838,-0.09713981755940845,0.055730987848792636,-0.16730436819495784,-0.08035319620636602,-0.16571711880581733,0.023603745312812414,-0.10977998824247215,C3
GSE246690_GSM7874628,-0.21536212917067912,-0.09104824208901659,-0.1374127812460182,-0.10428639752918481,0.03757364629560448,-0.20838559601841775,-0.09406134242314255,-0.15718562842181627,0.07117889352537446,-0.1178771830138355,C3
GSE246690_GSM7874629,-0.27714737818993435,-0.1228915816160499,-0.1412769683312135,-0.20676200755685528,-0.03295704293968567,-0.21481150502767427,-0.10882032223667107,-0.2529923049923893,-0.02342625086456208,-0.1503051458873603,C3
GSE246690_GSM7874630,-0.28044771769503624,-0.24018260404537115,-0.15886728116376925,-0.1194723382939473,-0.05605796665062636,-0.2804908306460749,-0.15364311427125815,-0.13887131616745674,-0.09577731464732184,-0.14994846308457244,C3
GSE246690_GSM7874631,-0.26179719761345155,-0.23996515199456672,-0.14423514175775418,-0.0905765915364658,-0.04887526395808138,-0.2500246184612568,-0.06122055376281204,-0.16068260639574158,-0.12018944510116264,-0.10256709410639098,C3
GSE246690_GSM7874632,-0.202645756277893,-0.10177032228362035,-0.13977229516920572,-0.09298525948738007,0.004205911894638142,-0.26013987727304655,-0.020101990724155427,-0.16620598815295365,-0.09686192513808131,-0.09341076399164039,C3
GSE246690_GSM7874633,-0.2635336534467508,-0.24058414163093272,-0.12582033494262146,-0.18491820809231088,-0.06225777188589209,-0.28174203181455526,-0.06758999217342893,-0.241478529008569,-0.10869846304117398,-0.13444136743460455,C3
GSE246690_GSM7874634,-0.29981716386303325,-0.24043544802473132,-0.1417577200669846,-0.11635715079757163,-0.08332585770824084,-0.3782324042519946,-0.13461424117671617,-0.1505944064828277,-0.03398549937084092,-0.15917009473477564,C3
GSE246690_GSM7874635,-0.2773867329106472,-0.24242826042108823,-0.14593578861042208,-0.12888566211150132,-0.020878221494083443,-0.2537130039501488,-0.06252126564980082,-0.182800056542393,-0.010806956347221106,-0.10106196644421138,C3
GSE246690_GSM7874636,-0.2029054575552313,-0.08994594517639336,-0.08933531099543426,-0.10456056100441544,0.028421032178707038,-0.2473925979186805,-0.0608803564877928,-0.1843485049878243,-0.005642714331162755,-0.09490297121447604,C3
GSE246690_GSM7874637,-0.2768076339288433,-0.24139326723509574,-0.14469117276035184,-0.18695524852550566,-0.0035635175225240626,-0.3799439615939621,-0.07433004939040959,-0.44496969878256104,0.009340189410644247,-0.11843441895693659,C3
GSE246690_GSM7874638,-0.2915234225142211,-0.23899462537458607,-0.2399687216573052,-0.19532017363868356,-0.10378360591197705,-0.37472200750593293,-0.13365985870210423,-0.16810277284806044,-0.03601735212790788,-0.1504245732864947,C3
GSE246690_GSM7874639,-0.2728957627822259,-0.1272816844442352,-0.1307565660611789,-0.10467883453835662,0.029072291481580977,-0.2813377943877705,-0.05908715132458834,-0.17239756549070653,-0.02989264346169844,-0.16060975971058752,C3
GSE246690_GSM7874640,-0.20729112405591574,-0.10684719284774057,-0.14239353107321812,-0.11735048784453499,0.026243201984225594,-0.25545563540089444,-0.0615348970608651,-0.19248605048721412,-0.013932827628429373,-0.09470074561303984,C3
GSE246690_GSM7874641,-0.2730092821084282,-0.24096998191226146,-0.12892736916950387,-0.19337751204419557,-0.01235007354511511,-0.2828209687647855,-0.07660323181649682,-0.44475738547716814,-0.013784651043979655,-0.17064146367577931,C3
GSE246690_GSM7874642,-0.2383290598650862,-0.03255607920792202,-0.11287643241982959,-0.10984552092582091,0.06315601648418512,-0.09879170750963419,-0.285082869131994,-0.4374824901051788,-0.14531701859331625,-0.04692834295446099,C3
GSE246690_GSM7874643,-0.30436702924990594,-0.009499549089178319,-0.11464220405160151,-0.10664247151356825,-0.027152385907424692,-0.005685359620388208,-0.29444771577617185,-0.4412323643542474,-0.38856011095883763,-0.002076205712034124,C3
GSE246690_GSM7874644,-0.21852410093698188,-0.02757801164219164,-0.18088306737865584,-0.13894070448052587,-0.107897273086324,-0.08262115074604931,-0.2941626164988053,-0.4420321304467172,-0.39050399144723646,-0.015527965588487368,C3
GSE246690_GSM7874645,-0.32350733768580997,-0.08498770781080241,-0.062092549505263155,-0.10841876951771161,0.038263104156166086,-0.07522959792471434,-0.28872294514543434,-0.4430716158514447,-0.050969124081441,-0.022798084393001492,C3
GSE246690_GSM7874646,-0.3842002804573471,-0.049219701613112905,-0.12463289408711022,-0.2170872681678852,0.04673887691352331,-0.11618256806502983,-0.39238449875822723,-0.42906785199104863,-0.1474523653883025,-0.04025253060502429,C3
GSE246690_GSM7874647,-0.20724166368307861,-0.004146442755307685,-0.1770333162465327,-0.1044817079857521,0.03227853802244779,-0.0883721984129104,-0.3991975421446206,-0.43367919132439936,-0.04236325697678827,-0.01994211481553646,C3
GSE246690_GSM7874648,-0.21992855299912079,-0.019162207108610507,-0.09991965010897809,-0.0993243850485652,-0.06126417685526384,-0.06807488549085683,-0.40510157974234057,-0.43700244685479656,-0.3819365181835526,-0.004707520910427507,C3
GSE246690_GSM7874649,-0.29233994078042586,-0.07775667919215037,-0.007088828737879228,-0.11395371669003326,0.024831265438124934,-0.07764164038441894,-0.4041205734951585,-0.4370048267382485,-0.1805243230328687,-0.02227416809128667,C3
GSE246690_GSM7874650,-0.30151078238945045,-0.07121389849066966,-0.13071709066007564,-0.18551358053848016,0.06039204187691179,-0.10568735640872662,-0.39242949904479524,-0.42905342705281235,-0.1270544691621851,-0.07917556406534769,C3
GSE246690_GSM7874651,-0.2273071395126139,-0.030743211844970898,-0.18545791305083906,-0.12191251215303361,0.010757000525374526,-0.113805577875714,-0.3986125384192367,-0.43258919570502563,-0.17369931815668593,-0.03742204821661876,C3
GSE246690_GSM7874652,-0.196879759761452,-0.05286018950859576,0.01710056359677443,-0.17383239376028908,-0.1147746006157098,-0.06841551965475504,-0.2769581736575891,-0.4326579746051739,-0.3746109685652347,0.012654544623462684,C3
GSE246690_GSM7874653,-0.38793723102908506,-0.2331173813469297,-0.05713725473648424,-0.17622668934934524,0.024236544733067113,-0.07332046203546763,-0.39644352460665977,-0.431202553719372,-0.17270722376964737,-0.018641099034921883,C3
GSE246690_GSM7874654,-0.38024732118204063,-0.2280309337134622,-0.08763378692522872,-0.12312419300700585,0.04328481587692684,-0.09208893093256752,-0.38860447468651627,-0.42603740870868334,-0.16661088617617723,-0.05457994267967792,C3
GSE246690_GSM7874655,-0.2926423778460144,-0.050881250138152825,-0.1071326969323455,-0.10266870253193747,-0.11285441189522444,-0.10315942061987309,-0.28513704511679167,-0.4376784579132409,-0.38301645178821864,-0.06504735119303999,C3
GSE246690_GSM7874656,-0.20891287899872535,-0.0647541875889403,-0.03214961758823846,-0.1926572404320491,-0.04133918673648439,-0.017381793942565456,-0.4071175925805865,-0.17082613036448188,-0.3844023665808734,-0.01559848798274239,C3
GSE246690_GSM7874657,-0.39816884328812086,-0.11350666742004814,-0.05587189418178205,-0.18218532214041597,0.03368865680026604,-0.08147957825858111,-0.406658589657593,-0.4385981567208204,-0.18299304757807547,-0.0024257569225873397,C3
GSE60052_GSM1464289,-0.23198898116380623,0.15025091430377036,0.0013427209522658197,-0.050186020155764274,0.1708939346141503,0.1247280574642055,-0.006897397402006944,-0.2525879183743321,-0.1181896558791426,0.047264901673819346,C1
GSE60052_GSM1464290,-0.22465625200153094,-0.2764065164567863,-0.0782460549272707,0.06422968737751492,0.0049016985603581335,-0.11604581297216947,-0.06341981727988515,-0.29687853006892456,-0.18535260434751297,-0.25974127727413354,C1
GSE60052_GSM1464291,-0.12283071685832107,0.06956548205759064,0.13190108914804766,0.00437977115155167,-0.04424742481428585,0.17721843561240924,-0.17775104239662587,-0.4504595754075992,-0.41204866686032376,0.08994743559768928,C1
GSE60052_GSM1464292,-0.058654452801032986,-0.013449808815436556,0.010885980891561873,-0.4041043954405469,0.007115811153171395,0.09186192812124208,-0.18947382545325128,-0.1869480721768517,-0.09319532332489983,-0.10082783196472318,C1
GSE60052_GSM1464293,-0.16199490145836373,-0.002524728132307175,0.06604157881056029,-0.1092680884414427,-0.00398114691625045,0.1321124876523536,-0.009893527594171104,-0.11379645155447045,-0.16111872566243882,0.04468834541803294,C1
GSE60052_GSM1464294,-0.19228416600858073,0.19782429846142738,-0.17302451130955526,-0.19763068738695164,0.028499602446059896,0.17258027392264977,-0.11690881595021685,-0.07608728599475346,-0.2852824605659429,-0.03025771784983891,C1
GSE60052_GSM1464295,-0.10582865503966983,0.2335357939860751,-0.030300181903338167,-0.07813675277654272,0.129414737267717,0.03227200980035837,-0.024132750677896768,0.05165691849836605,-0.2901418431687846,0.11846371858728201,C1
GSE60052_GSM1464296,-0.08138067446225865,0.1942958184502156,-0.15456025823544223,0.0032315425930454153,0.018062701777230503,0.01533647521479401,0.12827067042181814,-0.20029655937089266,-0.380568602284309,0.09000638348211683,C1
GSE60052_GSM1464297,-0.20979523763821947,0.035365910069810075,0.09040392483187104,-0.10177468045168278,0.012849385988814738,0.057671906670292275,-0.14720644138980146,-0.0824197497256721,-0.2084014421170383,0.030770747613552443,C1
GSE60052_GSM1464298,-0.02853009549052811,0.15272401108187394,0.13803697397228834,0.07990031814838262,0.21332731784531092,0.20374842776368046,0.03675410447828372,-0.19565348238599564,0.05013929498349448,0.10882614454525663,C1
GSE60052_GSM1464299,-0.2458825172905314,-0.08386099597092359,0.023947472926839602,-0.21233912940561733,-0.03024775926072368,0.12439119079718601,-0.2247807699414795,-0.21730267737360304,-0.14780789193540403,0.03861254127447722,C1
GSE60052_GSM1464300,-0.235185320711487,0.2790710675006089,0.026967519781053863,-0.15784522301596207,0.0074131452937661515,0.17644926252965623,-0.1549919512179985,0.09266024005426457,-0.08091510912003114,-0.032415634433955384,C1
GSE60052_GSM1464301,-0.2690541662437606,-0.05161511193086971,-0.036636246725871825,-0.3762447930202018,-0.07551965092668973,0.041802300030906195,-0.36704033736313646,-0.4054525634000361,-0.347252650580362,-0.028611796568044003,C1
GSE60052_GSM1464302,-0.1770247983634851,0.004231174371246519,0.00985283475680343,-0.221244538083445,-0.053673352638066454,0.09777250259868953,-0.07379254883054642,-0.2615724113403819,-0.2374265423368431,-0.034398888390434305,C1
GSE60052_GSM1464303,-0.07833594465459918,0.038156994657599884,0.17096813525417393,-0.08162499864333363,0.12960964234037847,0.23099716239696622,-0.09804197225814935,-0.23386763589269507,-0.15806186000744527,0.06114524835236263,C1
GSE60052_GSM1464304,-0.0991326654767937,0.12226833020996139,0.05194513654711636,-0.4409863361551649,0.13620640549073992,0.041924600449871154,-0.02375413089904151,-0.008923770675185827,0.019641054325573774,-0.02137097177139893,C1
GSE60052_GSM1464305,-0.052397089700067546,-0.04055567805350122,0.09622694949746563,-0.0660253591083153,0.05281190164532688,0.19232724878043184,-0.09645750332388964,-0.392908018439161,-0.23188230472833146,0.03444975050503132,C1
GSE60052_GSM1464306,-0.07431077974607184,-0.11259631904455555,-0.04181569599598041,-0.04732617724609103,-0.0432315393452405,0.13518756338443866,-0.058922169554392625,-0.14825330225256036,-0.3888300943600041,0.047394006511678896,C1
GSE60052_GSM1464307,-0.3115293657769082,0.0016311587737197792,-0.040030461271884046,-0.132516619554227,-0.021738515852359343,0.1080539918459756,-0.14653824339278618,-0.19858364376206278,-0.1564571507500279,-0.12334526618047688,C1
GSE60052_GSM1464308,-0.20844310584499742,0.06655085591544699,-0.030617229060787433,-0.1675125062437891,-0.11712854726832586,0.10282272331416407,-0.31821131428237837,-0.15557797207880125,-0.4293816012152135,-0.04587114458321995,C1
GSE60052_GSM1464309,-0.1624226488131386,-0.13601574012094453,0.02466827204743736,-0.17813723135471593,-0.07353226018956714,0.08852702351111211,-0.286056012398609,-0.2165526064043365,-0.4138125584146116,-0.05632262894766804,C1
GSE60052_GSM1464310,-0.04612944627799976,0.03666668459484291,-0.05465972823435772,-0.10397716575119835,0.070805062364482,0.15446415749142245,-0.16546974939936837,-0.2606729901854804,-0.22107748845567604,0.005597823172241317,C1
GSE60052_GSM1464311,-0.06573992626870111,0.09850324387109269,0.056300198181347794,-0.01944477704307446,0.038426674311007915,0.12430841142994106,-0.044356577376948134,-0.11163012340820676,-0.21022182215241172,0.0841915021090067,C1
GSE60052_GSM1464312,0.00973460482206977,0.12118307510308698,0.02058188831612509,-0.12870936137280942,0.08121895928510083,0.18527311052970177,-0.08362817727748702,-0.3333674858105366,-0.09359788564157175,-0.01743358812613249,C1
GSE60052_GSM1464313,-0.022095225569916197,0.17110889064372165,0.05307940103754593,-0.10554283087490085,0.09738078947630131,0.18502595651124448,-0.017641324969851463,-0.2824996986633826,0.021136172000622313,0.0797406369459446,C1
GSE60052_GSM1464314,0.018813803068600084,0.21080475171703544,0.13011067201639906,0.03967404890424944,0.23333349343436022,0.18055918906690074,0.1574667610309949,-0.10999462993569399,-0.027613804186159826,0.05877117199917766,C1
GSE60052_GSM1464315,-0.06237746545280498,0.02213568264381426,-0.008238352609078722,-0.23871461912961303,0.0432952440317239,0.18113201453746094,-0.16129894572995568,-0.23212066081222785,-0.15656319045289235,-0.07835211656083997,C1
GSE60052_GSM1464316,-0.011325392406094741,0.2015005969904132,-0.04013876798953287,-0.13772626799135104,0.18218395506501803,0.0869540862449158,0.15220812984138146,-0.3892399692811389,-0.024348595062431533,-0.13237254689756386,C1
GSE60052_GSM1464317,-0.10694685895010893,0.07086176518149957,-0.06174933104264564,-0.10451472659516005,0.1196284555704631,0.14009559092010995,-0.23523114530424583,-0.05447233111521635,0.062068258378685244,-0.08886676835779941,C1
GSE60052_GSM1464318,-0.25481312644458126,0.12727357327966846,-0.09962092602854265,-0.06905413334000741,-0.04260712366668921,0.2066164770683213,-0.1265321495118207,-0.4101699593954721,-0.3536242588478915,-0.08161772926879801,C1
GSE60052_GSM1464319,0.02140912500134977,0.0020382555693074416,0.06691812560245584,-0.14604262933094367,0.002343931694802161,0.1043691064146778,-0.18429444318218804,-0.4645040432745695,-0.27087271788222744,-0.007289919702461443,C1
GSE60052_GSM1464320,-0.05832771149871813,0.2632434519691589,0.12470197736782294,-0.16453688029303248,0.018831824532084915,-0.01786864590475933,0.19916914673423008,0.08748307229982968,-0.1709094694876447,0.07531553662778923,C1
GSE60052_GSM1464321,-0.16164818244464565,0.05943608220537128,-0.13442241799373753,0.05926191644874842,0.018806124354002945,0.16463403459008133,-0.1533573739095719,-0.30318425063470045,-0.24266418760378394,-0.045291679766039594,C1
GSE60052_GSM1464322,-0.013844051951182783,0.01063371775912239,0.06678036769111165,-0.006584292162841417,0.029513209815482687,0.08841888455163532,-0.1706180809596674,-0.237066815003514,-0.01613356294871684,0.009070836982292456,C1
GSE60052_GSM1464323,-0.21181534062693955,-0.02350149581000512,0.00147375164925144,-0.11017571533763673,-0.011656118557106694,0.09758824514742986,-0.14312191893457227,-0.12858737239018025,-0.08406620007400396,-0.046490932352885754,C1
GSE60052_GSM1464324,0.015160188323513497,-0.01951700725946855,0.1539467518408235,-0.09135318759728686,0.09300227810191389,0.15974493610410634,-0.0604457486682137,-0.07761504866275565,-0.30189782714645536,0.04617422404486265,C1
GSE60052_GSM1464325,-0.12395781050189798,0.06192561750300617,0.10553284796088404,0.03453657429895265,0.13014607063943298,0.09315487788170274,-0.04485367380629406,-0.29756213804678916,-0.15327541490363047,0.10355448992275745,C1
GSE60052_GSM1464326,-0.4461947783815541,-0.04946458104344395,-0.053502301903701345,-0.1936352109603734,-0.05109285238218547,0.04777088466755512,-0.26163970316631346,-0.230326396137443,-0.08637469381650413,-0.0712020909032701,C1
GSE60052_GSM1464327,0.03936514792783026,0.013482962115411907,0.06335411728827704,0.0052465816070679265,0.0802437739238015,0.1581118805549917,-0.25291156883348154,-0.08129989695078077,-0.18351883111506115,0.03869642860378411,C1
GSE60052_GSM1464328,-0.02687092709824428,-0.0777889286687063,0.13139924182256746,-0.15754421925677747,0.011821370751314793,0.13977700096432594,-0.2350404908539338,-0.30308830303346335,-0.17987080541490685,0.062124066680653636,C1
GSE60052_GSM1464329,-0.0027709699814079188,-0.030374819226259956,0.03665293760469883,-0.06675468448494777,0.09007834579866145,0.15591271254390468,-0.024003219843669838,-0.24046775855477273,-0.20618309039778177,0.07299804855842837,C1
GSE60052_GSM1464330,0.04034698897743848,0.0838320305244165,0.04511119976696668,-0.09358179455678049,0.03372360661587428,0.13589231787922137,-0.05948048383338405,-0.20476833790955598,-0.20605878998182908,0.058233892539860686,C1
GSE60052_GSM1464331,0.013659146660107336,0.22456411815624117,0.14573065345557953,-0.04378769234872225,0.10971957331847536,0.15573061992609494,0.16828489492171322,0.04813634610823197,-0.028032432013316743,0.11013578807981073,C1
GSE60052_GSM1464332,0.02865543169574586,0.19092177856964046,0.05801078626864304,-0.001142424091710417,0.09089915729399166,0.06176935630016072,0.06592242405519987,0.006787523471703137,-0.025716825340828798,0.08211927133150618,C1
GSE60052_GSM1464333,-0.06510561162188483,0.15799032742196376,0.14652924487363206,-0.0264156474738534,0.029122588934434535,0.08599744379515538,-0.0416862155016273,0.007942849280674092,-0.12379492042745661,0.004346911476009249,C1
GSE60052_GSM1464334,-0.012800105265230052,0.1655940639961131,0.22412049895235733,-0.022012744246307045,0.11600811633683705,0.15005692350947653,0.19482412967276708,-0.008329108359495104,-0.14409435708181745,0.10619201018607087,C1
GSE60052_GSM1464335,-0.024259898699355378,0.23496536480694985,0.16150635320066484,0.06727331032930037,0.10284322449629962,0.06169343237721215,-0.025771689931722918,-0.009353892107789938,0.03191328550951642,0.0721663974699994,C1
GSE60052_GSM1464336,-0.22294541227010714,-0.012629582502751922,0.15849373584317275,-0.10362676391439968,-0.03132082062592236,0.18937459823864217,-0.1525197991832502,-0.4580331555115122,-0.24836602205274091,-0.12809292106725131,C1
GSE60052_GSM1464337,-0.0645875049215231,0.11901840642574708,0.04688314676656782,-0.14774390800681697,0.09134874879657834,0.25921519626156203,-0.20146172301908188,-0.4309742513289912,-0.17738900000139227,-0.05045860935085756,C1
GSE60052_GSM1464338,-0.10620528907212194,-0.03949922694656093,0.011280959667417089,-0.24736351584129673,-0.05059949524159786,0.15286804992080288,-0.24506413962846077,-0.1161124012393267,-0.2743700864763804,-0.014889017594509293,C1
GSE60052_GSM1464339,-0.12666761527484957,-0.03212158728232129,0.13475643276720775,-0.03634679626180632,0.00847275750147132,0.20441670891421856,-0.12720935794420293,-0.2989790779785208,-0.4244859022073942,0.08777534796135679,C1
GSE60052_GSM1464340,0.039723173834635896,0.1372229247090595,0.2593593159209042,0.03226154979860341,0.18702626851763965,0.1491988642658413,-0.13471466234087154,-0.16954504718106714,0.05523860387866742,0.047933180023315834,C1
GSE60052_GSM1464341,-0.152091451124705,-0.038304774406069296,0.08582729317405662,-0.07547794081793857,-0.30088658838068916,0.06955990492095017,-0.08514004733822818,-0.24786685140028472,-0.42205605159689563,-0.03001532286602944,C1
GSE60052_GSM1464342,0.021290903090045367,0.09995588036342841,0.16434373206154707,-0.04745436116365163,0.10841117784020063,0.21407653532019533,-0.1930515023511568,-0.44751829175046265,0.015725700165297302,0.106969819689176,C1
GSE60052_GSM1464343,-0.08060975842639465,-0.03738591064974518,0.02987574774075899,-0.10925816995443773,0.05593011265909303,0.1690347093972511,-0.28452564718238793,-0.15741145678484614,-0.1123085961064263,-0.04122809936558426,C1
GSE60052_GSM1464344,-0.34443294694430426,-0.013852437346486779,0.06280926875545753,-0.14352612200377785,-0.11268754937655551,0.1495038658110966,-0.2791321051626019,-0.24952784171938588,-0.4189782408235974,-0.14832444739447562,C1
GSE60052_GSM1464345,-0.10488186996865402,-0.06845598402412839,0.07615864075151564,-0.17559084064392852,0.009784803591051236,0.17262431165627917,-0.1845539476421439,-0.039781707938358966,-0.1204152497422825,0.09000632049341242,C1
GSE60052_GSM1464346,-0.027172963440015265,-0.020853066314793035,0.15584942393525464,-0.08495980410879946,0.024120969900887506,0.23166576349454926,-0.10308452993706049,-0.2068521191073179,-0.24590170190703928,0.030185274854853592,C1
GSE60052_GSM1464347,-0.11248449947319265,-0.04124708333677927,-0.08312843158980043,-0.17916767651825885,0.06320108602740926,0.15803377414598685,-0.14885337562678014,-0.44162165821393784,-0.4011233385597857,-0.03148512001336507,C1
GSE60052_GSM1464348,-0.07446512224108583,-0.03435049916254693,0.12979766110167307,-0.15809695140034358,0.09464733418237091,0.2726278876999203,-0.4044715757303888,-0.17688052259888665,-0.1937922519264347,-0.08539025719734607,C1
GSE60052_GSM1464349,-0.3037359466491544,-0.00351721011554038,0.04887258064087374,-0.19449240720139208,-0.041984729905346366,0.13666673018282055,-0.26579970054482766,-0.17457392721748835,-0.15780826804815315,-0.022005464985414166,C1
GSE60052_GSM1464350,-0.2390135644514344,0.009303579544081347,0.023199771372055363,-0.11484201962078158,0.06972508081450338,0.12522403811753213,-0.2379677745449297,-0.2628123821769191,-0.2101117367610454,-0.021837188579408928,C1
GSE60052_GSM1464351,-0.008613701869333365,0.1113964097158387,0.17873633473726075,0.08129237676001895,0.2159645744863206,0.1511563503556261,0.0022361842972388234,-0.08955899639047665,0.007717311934609802,0.11092101591171917,C1
GSE60052_GSM1464352,-0.2010709941304236,0.03257106249945072,0.11931970328630302,-0.07015465122701804,-0.04693273530768235,0.1959212971754462,-0.20600748771629354,-0.15367156260504272,-0.40398516261215067,0.02697370987514349,C1
GSE60052_GSM1464353,0.07604698076469933,0.09696247777443151,0.0901869341134745,-0.019578963769765503,0.1663721597347789,0.17127735203927272,-0.06405034736555608,-0.24788962776162968,-0.002120125505193774,0.09083057619800085,C1
GSE60052_GSM1464354,-0.12499084665010515,0.21780388911789791,0.0521870944280516,0.12371030224760633,0.27555148890932807,0.0822892806351241,0.046187072109049473,-0.0028030447696994784,-0.1606373045211603,0.07929319533036938,C1
GSE60052_GSM1464355,-0.07948450959352521,-0.008980384293068236,-0.00633164145981818,-0.21875499030289622,0.032824309290362,0.15677548332346022,-2.6286229312140876e-4,-0.3882319036710848,-0.1356468827679359,0.024447319498318486,C1
GSE60052_GSM1464356,-0.05749952372181362,-0.02350165471505157,0.08843373958619967,-0.12093994960777389,0.01646905774318497,0.20947459102745292,-0.1905407336151825,-0.20755960268162035,-0.2623148183382463,0.030287230910924633,C1
GSE60052_GSM1464357,-0.006607255684369228,0.1086501658407041,0.17297437001158814,0.11985417819234688,0.13609586686779251,0.06726601079714777,0.07210156699295468,-0.08344558357400271,-0.008359868535679079,0.14472166961712157,C1
GSE60052_GSM1464358,-0.05795065939921634,0.1873882087129698,0.12660594697026975,0.0773335878296576,0.10370376160439888,0.11646134331158621,0.17767794334614592,0.056833012812970034,-0.10600774775550496,0.15839274408291135,C1
GSE60052_GSM1464359,0.0882812118143023,0.11186461280004108,0.20996213032005065,0.19385332337070454,0.20093225767613704,0.10992459824618861,0.1445060706373373,-0.210595230738755,0.1911856646235928,0.18420886670642436,C1
GSE60052_GSM1464360,0.10952487866158428,0.18545878617265105,0.11334355854972918,-0.08269354343162405,0.30705768033248426,0.019026432619621975,0.09963113273570012,-0.10432116319932509,0.217932892355894,0.14064428485708264,C1
GSE60052_GSM1464361,-0.10127269665971214,0.06393319652293498,0.06353821179950742,-0.03998938887203388,0.05461945101535814,0.16508851518099335,-0.2845698312808201,-0.21115279190534686,-0.1509670015902348,-0.03702415987884469,C1
GSE60052_GSM1464362,-0.22987046360304952,-0.10034367720441022,0.027437447375255036,-0.05615363269386433,-0.026936620020268663,0.10607609832659619,-0.028598327705147454,-0.15727526205721432,-0.13312786586925235,-0.033286460642331865,C1
GSE60052_GSM1464363,-0.40912768484917117,0.0650106977196243,-6.515150350365715e-4,-0.1327611177080331,-0.006120425857183265,0.18873297134430292,-0.29200696096003664,-0.2068263362891413,-0.17975381818341582,-0.1037404401836885,C1
GSE60052_GSM1464364,-5.57334990631721e-4,0.14130966885946777,0.22421050174772023,0.06317121942598596,0.1979439439581305,0.14559710497263176,-0.26933595910332087,-0.40945686558164096,0.09895818551664455,0.12507822907718866,C1
GSE60052_GSM1464365,-0.011658659671622364,0.025096115313537497,0.059773068449503565,-0.03476689735391212,0.12780871747469136,0.10188128538035099,-0.02748339458599098,-0.2376996261427121,0.05661867961552419,-0.02920915588756549,C1
GSE60052_GSM1464366,0.05863728164685132,0.24166234682562387,0.31499928120054255,0.21441928623148776,0.32020128289047356,0.11247222369341348,0.21205266571345485,0.2190495320259702,-0.005826471574403292,0.23124621623874428,C1
GSE60052_GSM1464367,0.08900873296164008,-0.07749117857440664,0.15940405946405978,-0.042661431080983185,0.20937930665084728,0.15314847745676516,-0.3174500215652138,-0.36836218010007915,0.12670901914657456,0.04921107825784442,C1
