sample_id,Sunitinib,Everolimus,Temozolomide,Cisplatin,Etoposide,5-FU,Ribociclib,molecular_subtype
GSE118014_GSM3317251,1.8955480955739934,6.137209284512273,4.487452766315936,-4.569126749103839,5.881973720182627,-6.224494197959942,5.683224888979052,C1
GSE118014_GSM3317252,1.0559183568881065,6.2579299180153125,4.897098191214291,-4.902614814438382,3.811540533452778,-3.5246807468315335,5.222001030113777,C1
GSE118014_GSM3317253,2.7666622407518044,5.873309980388379,3.8861693573601306,-4.608711299862016,5.041298829783846,-5.768228052685155,7.0812610965160685,C1
GSE118014_GSM3317254,2.224099361539901,5.8382985042027595,3.938492487983515,-4.131457325142504,0.7123559239288124,-3.3544139422953227,5.962377946853584,C1
GSE118014_GSM3317255,1.25936304887727,6.364300146724711,4.89766101198359,-5.696768245066414,6.289882255918122,-6.337632404337894,6.371902241391783,C1
GSE118014_GSM3317256,2.9535352872884917,5.958261643600506,4.164307956656533,-4.951786781802034,3.039341359402953,-4.752373799124983,5.717171767698863,C1
GSE118014_GSM3317257,0.9280198049585194,6.082645382311311,4.4023491316652885,-6.233798260303795,5.038085111641118,-5.552505078603369,5.687122473803177,C1
GSE118014_GSM3317258,1.757884330516101,5.558002418775575,3.4052309494261146,-4.78227620528537,3.4204057058983817,-6.5423634331090845,6.579991395633238,C1
GSE118014_GSM3317259,3.0876616683741664,5.931895424600743,4.032851567735654,-5.142737347190291,2.364822852904438,-6.930982925706475,5.843225811945391,C1
GSE118014_GSM3317261,1.879934511787712,6.25264150386826,4.741077164013893,-4.607931386922874,5.621954721197582,-5.719774340081302,5.866422277533272,C1
GSE118014_GSM3317262,2.026714279117706,5.7634573728889755,3.6926370651346083,-5.390475163377279,2.5326184551973796,-2.496618955456722,4.890179949516821,C1
GSE118014_GSM3317263,3.413518085306861,6.131331773286346,4.5222602331167,-4.332248875172649,5.439868435933018,-6.689953888298771,5.554245097489498,C1
GSE118014_GSM3317264,1.7970329359063388,6.131146391682179,4.491863541279996,-5.565420452432379,3.666315254752874,-3.9125790991820493,5.378196799906624,C1
GSE118014_GSM3317265,3.0889128262873813,5.772201840843367,3.776954548461503,-4.673630968644649,0.6510603680312945,-2.5406745087626073,5.109417154816164,C1
GSE118014_GSM3317266,0.7670334134306951,5.948045596689418,4.165445471304005,-6.103577683483054,3.33237922615349,-4.639928896446541,4.195544749998315,C1
GSE118014_GSM3317267,3.541754479177119,5.891384944572765,3.9697790935084853,-4.782953151983135,4.961559751663679,-5.832159682923319,6.18457777069096,C1
GSE118014_GSM3317268,3.2089859267162475,5.92171536293822,4.047001561943267,-4.274854961204756,2.928538598952246,-6.680747954735778,5.925722822968091,C1
GSE118014_GSM3317269,2.1397841662613004,5.8139259535079315,4.099350683397448,-4.537795770439607,2.4516284066624885,-1.6605137790822189,4.735564679848445,C1
GSE118014_GSM3317270,3.1284107002359978,5.817278702280148,3.7958464795574467,-4.3047548770950925,2.2062037805774874,-3.315539776705652,4.133244364352587,C1
GSE118014_GSM3317271,1.4135679633763025,6.30038072359229,4.884821642690168,-3.4343567166605307,0.01164670807064115,-3.5423679810410547,5.800677567368236,C1
GSE118014_GSM3317272,2.102636803096801,6.001409852667778,4.146986553937024,-5.973417846402624,2.6243883003848048,-6.171246100712517,5.254854695740061,C1
GSE118014_GSM3317273,1.1681729980121647,5.942127488165649,4.43072000350151,-5.77254061859324,6.626358704571073,-7.206937742369309,3.800370231985775,C1
GSE118014_GSM3317274,2.073536511927334,6.462650052692897,5.12020103760565,-5.114298042843055,6.4233085698241235,-6.163606533969702,5.16590021499739,C1
GSE118014_GSM3317275,1.8953325226798565,6.16707836460848,4.606930133337656,-6.0732588708047395,0.00582122872131298,-1.5392917611697259,3.7629183601887966,C1
GSE118014_GSM3317276,3.9846287113154806,6.21052455977633,4.527870679683873,-4.701643676449897,6.088118690781875,-5.299988223211356,5.302261637242894,C1
GSE118014_GSM3317277,0.6513490842511651,6.339794385716527,5.048751057891012,-5.1453607519532785,0.00748125873842117,-0.14500003797355893,4.661200356957632,C1
GSE118014_GSM3317278,0.9432307947588061,6.1306873566947875,4.61532752854143,-5.252385129492711,5.2225187035666085,-5.624056470821194,3.8116532776763767,C1
GSE118014_GSM3317279,1.3787589965189315,6.229217886448333,4.720331252474661,-7.1504112499446855,0.008839300708710047,-3.1103505904288467,3.7163182167535607,C1
GSE118014_GSM3317280,2.8666995217337874,6.246564092584919,4.6963315119019775,-5.653929650279974,0.004938738203953358,-2.1680038059912095,4.809456840440909,C1
GSE118014_GSM3317281,1.329756227254331,6.072536914192695,4.479937872029389,-4.467511207149259,0.01508274918870091,-0.01508274918870091,5.803741260710015,C1
GSE118014_GSM3317282,3.126971236268709,6.323720853709084,4.797455792637241,-4.26189812046038,0.7972719980868634,-2.8776581685890736,5.574896036129222,C1
GSE118014_GSM3317283,2.5599635424911034,6.439337423650029,4.978973561942063,-4.151885921317378,0.07460292472984219,-1.296902932846593,5.855045004223193,C1
GSE151904_GSM4593197,5.615209439687559,9.22656071400552,11.030439801645821,-8.76118442450998,12.876885350477567,-7.568323080630359,5.908202042862381,C2
GSE151904_GSM4593198,3.178840937419985,8.601649640260096,9.285990459981019,-7.712493686209292,12.829564427379804,-7.692126008111704,5.504920242656869,C2
GSE151904_GSM4593199,5.122434624974256,7.953534338932366,8.239391777480694,-7.437997933446662,11.877085511682171,-6.7359595293761085,6.517081639709101,C2
GSE151904_GSM4593200,4.71607368149366,8.434477935349037,8.359098800956554,-7.910811004690721,13.736382509839911,-8.004303671031304,7.283009930729285,C2
GSE151904_GSM4593201,6.752750336142597,8.16160058744626,8.568168098752482,-7.812621868608294,11.906671270521686,-7.0882282912793615,7.160982589701294,C2
GSE151904_GSM4593202,4.570856689459753,8.183022484329207,8.592746599040293,-7.8732862809801505,13.991720736701684,-7.807328606662452,3.8190623178184864,C2
GSE151904_GSM4593203,5.541709500472317,7.664874869511898,8.224664201458706,-7.707012175451195,12.938266419575154,-7.738915572624293,6.432283131667509,C2
GSE151904_GSM4593204,3.7060018691156147,8.109692781622478,8.701263899695137,-7.249646454538745,13.535570181797766,-6.987773192299069,6.32574132671898,C2
GSE151904_GSM4593205,3.7005805539007,8.062073228862346,8.667776234142627,-8.213484342189375,13.81897634230038,-7.368168032271892,4.954102910775875,C2
GSE151904_GSM4593206,4.60597716531279,9.257124704903006,8.427022781385315,-7.511892110038669,13.57894267007121,-8.049158968272051,6.0942543279660635,C2
GSE151904_GSM4593207,4.548117507283468,8.536537978657933,9.053900734699777,-7.353549856839802,13.856035254131,-7.810727312112256,4.047778934263273,C2
GSE151904_GSM4593208,4.7915933628600085,8.286041531663496,8.625714611779038,-8.161483280791492,13.10430952767382,-7.439164374554276,4.826558135084737,C2
GSE151904_GSM4593209,3.1952998132670727,8.323581068403158,8.19139698848534,-7.829750493093437,13.426534785908384,-7.692126008111704,6.589699655928362,C2
GSE151904_GSM4593210,3.277214077998853,7.596400081033369,8.04560929811292,-8.34581246597218,13.991720736701684,-7.778225772046284,6.276150587413315,C2
GSE151904_GSM4593211,4.483062762366144,7.754520810338432,7.704166839240569,-8.528047774319766,13.51303043881695,-8.000466301326256,6.435623763839998,C2
GSE151904_GSM4593212,4.645572156396855,7.883597012643598,8.42633722653892,-7.200223773682944,13.44602352408218,-7.5075108967756865,4.5861075864663245,C2
GSE151904_GSM4593213,4.84692791548272,7.8725937713490435,8.3959110202958,-8.112579336319083,13.909362772187094,-7.8957587823780475,6.562968579619059,C2
GSE151904_GSM4593214,4.282691254453828,8.048709004881857,8.34049783963987,-7.809350030261337,14.535316714817398,-7.81215424021846,5.461870302875138,C2
GSE151904_GSM4593215,4.533852320940839,8.528487982428413,8.436835500451695,-7.115287523340239,12.699224110508899,-7.812990795637046,6.535269980730989,C2
GSE151904_GSM4593216,3.8544230395250567,7.866506905771011,8.190129272704212,-7.914296590493723,13.426534785908384,-7.617151684658024,6.230484809185521,C2
GSE151904_GSM4593217,5.414874546798015,7.710856069884136,8.004051593402465,-8.070225585485755,12.098557297739326,-7.5903186152501725,4.443123987794005,C2
GSE151904_GSM4593218,4.038073876295708,7.852521714177556,8.474777187501575,-7.912684325118471,12.522771990499326,-7.411638062112589,6.598807158998341,C2
GSE151904_GSM4593219,3.9954091052732044,8.225470374689596,8.267249817276197,-8.592690710354681,14.264585721311098,-7.400379532988107,5.232254064138896,C2
GSE151904_GSM4593220,6.206395956578798,9.564006645253983,8.699617019654386,-7.021356620086516,12.130132104473736,-7.346882500838544,7.543524359404188,C2
GSE151904_GSM4593221,8.374485091553339,7.932344090460713,8.369067820227958,-8.542446220314172,13.254683111083029,-7.51032645562362,6.943643817473814,C2
GSE151904_GSM4593222,3.873813438953287,7.866889572655396,8.20203983650417,-7.3146840902126105,14.034793177595533,-7.215764488635068,5.719575548447681,C2
GSE151904_GSM4593223,5.200499772783097,8.26948054094122,8.309934699114605,-7.050340658518522,13.426534785908384,-8.09207792331514,7.150991709719012,C2
GSE151904_GSM4593224,4.405939591046887,7.887983624202697,8.15669519212831,-7.268943578151395,12.760161792647834,-7.243311683382633,5.397319491709482,C2
GSE151904_GSM4593225,5.707230297899338,7.920580366788738,8.355159970562696,-8.105322517821111,13.57894267007121,-7.496588671792541,6.110932205427277,C2
GSE151904_GSM4593226,3.3958304300696245,7.647369448758489,7.774551325095204,-7.707104834915132,13.949019186782666,-8.927940094600318,5.737795710219656,C2
GSE151904_GSM4593227,2.547815140865163,7.943369097863689,8.20699255172636,-7.110372947004123,14.034793177595533,-7.3305915648241164,6.800421408688717,C2
GSE151904_GSM4593228,3.0999744800493025,10.150978139237626,9.377252860230627,-7.106731908945729,13.81897634230038,-7.789263995703998,5.309623449330292,C2
GSE151904_GSM4593229,4.873450404078725,8.061699149593982,8.25376901211523,-7.897628084940587,12.96662347172242,-7.5986903519420554,7.719987659848975,C2
GSE151904_GSM4593230,3.984520768517947,8.079056913286918,8.60993578210424,-8.312937923223025,13.239615366490519,-7.6315628713787635,4.845894740359463,C2
GSE151904_GSM4593231,1.9577170440221048,8.364699155621704,8.497568043484955,-8.38797076686758,13.426534785908384,-7.696192510658107,5.2050804738624,C2
GSE151904_GSM4593232,3.7351452400451164,8.145465657298796,8.49325160383535,-7.113717504379503,13.33415940799684,-7.595641613037837,6.756050357631434,C2
GSE151904_GSM4593233,3.613474679531748,8.132075442676658,8.393508025732636,-7.168876911307958,13.44602352408218,-7.817514677986086,6.077623903996315,C2
GSE151904_GSM4593234,4.168381751914171,8.216388415392606,8.69274110591059,-7.206164092635264,13.087660910703816,-8.017083106242715,5.8483426896426405,C2
GSE151904_GSM4593235,2.6121456578712303,7.753632840226826,8.192664449094494,-8.249925086361573,12.772117847667674,-7.697315301773468,6.997193797584581,C2
GSE151904_GSM4593236,5.070738192635105,8.092643466477398,8.033609947950126,-7.716341294200682,12.489271933244241,-7.900176721192924,7.279503521209801,C2
GSE151904_GSM4593237,3.7567069843579572,8.073633261769267,8.174796085894597,-8.695130308278971,15.096390790812144,-7.580391523314024,5.228363959105037,C2
GSE151904_GSM4593238,4.521984734434035,8.618883255097119,8.415545427136308,-7.121622588223544,13.991720736701684,-7.898551454203549,5.833818500355045,C2
GSE151904_GSM4593239,3.726746607646884,7.7114135952569445,7.975140852398835,-7.267081733322864,12.829564427379804,-7.778225772046284,6.974420371221133,C2
GSE151904_GSM4593240,3.2937206970881263,9.792107061594976,9.951547212341625,-7.494322678891806,13.134550099400334,-8.225646665954367,6.714479894059679,C2
GSE151904_GSM4593241,6.6057308452029515,9.260085380071384,10.693996248688723,-7.983594311916235,13.386149592354737,-7.590943633666985,6.669231558698601,C2
GSE151904_GSM4593242,3.7610624720716554,8.259141394978876,8.386225990159378,-8.754383293671037,13.779959428061213,-7.307229566429074,7.007873057447675,C2
GSE151904_GSM4593243,6.559674284748343,7.742252557938265,7.731486371161652,-8.460160690869065,13.535570181797766,-7.360329821691594,6.828739623508552,C2
GSE151904_GSM4593244,4.383889188686852,7.857515214367034,8.168334472751024,-7.494805786827024,13.535570181797766,-7.9816226667754,5.44118160643832,C2
GSE151904_GSM4593245,4.481760107052342,7.729259746277682,7.879539121812119,-8.826410361941074,12.807215863711843,-7.728411410333371,7.104461792009923,C2
GSE151904_GSM4593246,3.4444315586779743,7.876094364606328,7.92601421775861,-8.337748123858688,13.55898586516823,-8.06434977321868,6.813908197973638,C2
GSE151904_GSM4593247,4.348196834320992,8.564280251095983,8.620140464405129,-7.963967440514458,13.36132914790379,-7.777339954225097,5.740291324787032,C2
GSE151904_GSM4593248,3.4031345842489995,7.68602166841969,7.905777328617199,-7.598237006462442,13.949019186782666,-7.168160375612584,6.688053078010591,C2
GSE151904_GSM4593249,4.526774241529542,7.822756988368857,8.220188152734886,-7.274512310028297,13.290241089433128,-7.759786049006502,4.4250035941169035,C2
GSE151904_GSM4593250,6.4926380316621675,8.085192272939974,8.104414182141317,-8.017592826142387,13.81897634230038,-7.962788264326435,6.049677559294892,C2
GSE151904_GSM4593251,5.304985947096749,7.369549914401293,7.5512104608498225,-8.098122944846688,13.736382509839911,-7.300902697976616,6.358717054283069,C2
GSE151904_GSM4593252,3.3781716071233503,8.19374686720224,8.512587595612056,-8.110097279612223,13.071324874364624,-7.681410352580386,6.951560364967637,C2
GSE151904_GSM4593253,4.186163632638441,8.4791645585766,9.479602833450476,-7.345537893562244,11.911249955278846,-7.68852034124558,7.554257931459077,C2
GSE151904_GSM4593254,2.7638377711711497,8.09116493304888,8.034828613105558,-7.169880157973907,14.078025645799345,-7.390876751468058,5.624361664768577,C2
GSE151904_GSM4593255,3.4801256378702012,8.103320971400127,8.15194252467129,-8.205906546289647,12.162568241248723,-7.250845273129954,6.738954938591437,C2
GSE151904_GSM4593256,5.251322423371439,7.754872848425011,8.151676985004668,-7.781102776762465,12.888496132304823,-8.513006281684904,6.659938977706847,C2
GSE151904_GSM4593257,4.288224763155342,8.13339271653916,8.468287110775536,-8.773601830513428,13.991720736701684,-7.739459165864087,6.746405367640907,C2
GSE151904_GSM4593258,3.0476808331671568,8.159106204527177,8.152208064337913,-7.786940895615271,12.540712104752107,-7.26639568632787,6.84198228139638,C2
GSE208446_GSM6346515,1.7945354523072399,7.164643958636924,6.143393871614781,-7.240782570129779,7.707743683478977,-7.838710925002849,5.811228711543302,C3
GSE208446_GSM6346516,1.8895072458025393,7.386819503547029,6.59245497466727,-7.2569291873908615,7.7943413920472855,-7.848063515171081,6.1076090451221745,C3
GSE208446_GSM6346517,1.9436116609128895,7.233177698928577,6.2992418978470806,-7.139524042449823,7.71239995017889,-7.841586878449379,5.893010520708991,C3
GSE208446_GSM6346518,1.8005949538408879,7.444058780596746,6.729638335188982,-7.394274848601942,7.859178643805857,-7.890320551915071,5.981490203969392,C3
GSE208446_GSM6346519,0.8262046656202882,6.9218260536593785,5.701385467170564,-6.699034464566152,7.692126008111704,-7.812990795637046,6.8353996978803515,C3
GSE208446_GSM6346520,0.21576104923606448,7.169688682977597,6.121615219088369,-6.908016627117313,7.699603632437583,-7.766291180163403,7.188481343983982,C3
GSE208446_GSM6346521,0.23556326438533,7.09469866325651,6.033314558245267,-6.950398461533287,7.815175634313407,-7.825766394748849,6.997165993942495,C3
GSE208446_GSM6346522,0.27401843621581623,7.165505543499069,6.160144856175457,-6.82750397739272,7.697905157007368,-7.804650495092444,7.053075286377923,C3
GSE208446_GSM6346523,1.6885474504594025,6.79995354409702,5.338886769227568,-6.9081327628135725,7.6240003632962505,-7.364842858834798,6.0812444247700395,C3
GSE208446_GSM6346524,1.7514155739270811,7.229705151047952,6.185412680848224,-7.16498114371108,7.693354320416883,-7.426556434629984,6.273486466404533,C3
GSE208446_GSM6346525,1.4629864962736185,6.852730114976017,5.44090716029626,-6.68144979551013,7.548529527478966,-7.351301381314721,6.405572764102349,C3
GSE208446_GSM6346526,1.5319070866843867,7.257608936066948,6.210149065587751,-7.188792644193825,7.587687335633297,-7.386402089745432,6.22081345676032,C3
GSE213504_GSM6588247,3.957653577150327,7.88130338122428,7.994336161634137,-6.5619041630889825,5.830638854706066,-5.923465564544901,8.121647653189147,C3
GSE213504_GSM6588248,3.809031444576098,7.904803095547977,8.189408728598215,-6.6197718070614675,5.212494446651695,-5.960676789646997,7.9047811935587635,C3
GSE213504_GSM6588249,3.470017633443768,7.87751375694594,8.13174827721283,-6.562957203309612,5.588561269336304,-5.71871007982634,7.996221342917748,C3
GSE213504_GSM6588250,3.121043793164052,8.251211809696354,8.212611548923192,-7.037783242089977,11.139336693407682,-7.7212561049918955,9.74847472088899,C3
GSE213504_GSM6588251,3.5441578372049185,8.217091103284966,8.242785218084592,-7.046254560393972,11.14942060793801,-7.581695116419818,9.698735730355288,C3
GSE213504_GSM6588252,3.29485519286704,8.25631538357255,8.23219326868553,-7.0742312730457595,11.654020479166498,-7.788036150254188,9.717139388143378,C3
GSE213504_GSM6588253,3.629262060960811,7.9284559846719365,8.220593611870104,-6.892192620489769,8.457450009699619,-6.848834985181526,7.617383097708078,C3
GSE213504_GSM6588254,3.642779830717864,7.912783517733706,8.341839750352877,-6.870521730824688,8.782401284326177,-6.657957284183104,7.563573065025977,C3
GSE213504_GSM6588255,3.6291695995182707,8.041187615745068,8.258017518890208,-6.892426339643613,8.517251914645758,-6.54172674004083,7.647680759058197,C3
GSE213504_GSM6588256,3.77397641632745,7.885454217889102,8.095999291435284,-6.9964547841532445,10.23212855786952,-7.403985740370598,7.3765637849367,C3
GSE213504_GSM6588257,3.8685774773326074,7.858560220539985,8.00118063658556,-7.063942492242369,9.747930360053466,-7.414298592759563,7.452110529634424,C3
GSE213504_GSM6588258,4.0306591388513695,7.885465198335098,8.008184603835856,-7.046660269371425,9.271293263756025,-7.338999099873351,7.449083119649188,C3
GSE213504_GSM6588259,5.345597631225746,7.614041392940397,7.781134107393173,-6.484454293609607,7.568323080630359,-7.4334949191636515,7.012008859092006,C3
GSE213504_GSM6588260,4.373965653791692,8.008628793997746,8.037653725253735,-6.74149488750482,7.819877694214104,-6.1961431510944385,7.548835694545379,C3
GSE213504_GSM6588261,4.514247496631046,7.994659018522232,8.010394009298572,-6.787478561273388,7.9204474071521185,-6.248439269235746,7.4984942453258565,C3
GSE213504_GSM6588262,4.561814421926773,7.941079412838494,8.031553052006629,-6.753517050269857,8.022534024014861,-6.1354529817598635,7.5532680477021055,C3
GSE213504_GSM6588263,3.322409185538882,8.214305773581348,8.383542343465576,-7.173190335732747,11.139336693407682,-7.608945695550194,8.053697097265102,C3
GSE213504_GSM6588264,3.2615981145720867,8.3834687193116,8.762633767591895,-7.169701907662604,10.253696839296289,-7.465421306386157,7.956906089649326,C3
GSE213504_GSM6588265,3.7695127136302453,8.275832092913083,8.510335031094197,-7.20584240850747,10.483830743997077,-7.6169849564653935,8.139317835654948,C3
GSE213504_GSM6588266,4.285966560969895,7.967490897990997,8.041600137977294,-6.710993550262615,7.230110885436495,-5.466406843334568,8.066532466456156,C3
GSE213504_GSM6588267,4.2247432954683966,7.969575631528859,8.150489065474185,-6.795957731376039,7.228515723275998,-5.365174558726832,7.923028718415484,C3
GSE213504_GSM6588268,4.302671288837663,7.931727027907324,8.060469298507066,-6.772966631374896,7.8437629700952645,-5.817093565891003,7.876489695079302,C3
GSE213504_GSM6588269,3.4069719236084333,7.542992561576127,8.444609294849187,-7.0479016552606755,12.262128794051812,-7.687318236132587,8.691544872878453,C3
GSE213504_GSM6588270,3.4983558385041498,7.444659699496094,8.477441976752415,-7.1377691319638235,12.122986708836896,-7.6411836979887635,8.449475617709851,C3
GSE213504_GSM6588271,3.3212180171091794,7.4036429113954,8.498845506656405,-7.074965883230623,12.410986956300865,-7.742387256347095,8.704018284006304,C3
GSE213504_GSM6588272,2.728915439876722,7.555136872324193,8.09430151533074,-6.838837773173388,10.740551437599663,-6.7272269768388,8.471826845027845,C3
GSE213504_GSM6588273,2.733483545749789,7.532306819036689,8.15018000167107,-6.86443147094972,10.400321659860337,-6.774827410903248,8.344561081616387,C3
GSE213504_GSM6588274,2.8609498574746306,7.503889821045507,8.136000338017611,-6.8458649161615455,10.804007284858415,-6.8179435223957015,8.391960549584898,C3
GSE213504_GSM6588275,6.584219077763195,8.10222694278338,7.914641815097247,-6.262834146432267,7.566149245529553,-6.032284459415283,7.2478113829440325,C3
GSE213504_GSM6588276,5.088616911297736,7.336127049849722,7.85602383715588,-7.328600828924333,11.667371642724293,-7.84739670817534,7.54781504763897,C3
GSE213504_GSM6588277,3.574706154778857,7.589574347416758,8.692093592820676,-6.759945616858566,12.364048765606187,-7.82716982439488,7.457927385462303,C3
GSE213504_GSM6588278,3.8208192088703123,7.496670250910004,8.090910005628007,-7.412366734926793,11.797677646398483,-7.904256762625127,5.947743484765765,C3
GSE213504_GSM6588279,4.816129809295884,7.446600853765897,7.730866267647999,-6.718314300662742,9.170965553442075,-5.991948024168039,7.873737246222921,C3
GSE213504_GSM6588280,6.336183378058363,7.471270491503724,7.695437816219493,-6.314090025222365,7.898109951645134,-7.116879706961633,8.002731394848398,C3
GSE213504_GSM6588281,3.87504601629841,7.9475957290469355,8.724335888942738,-6.82681520743477,9.797903142309606,-7.038248503027184,7.1535044903559815,C3
GSE213504_GSM6588282,3.452232046061127,7.409481580927815,8.110995966757603,-7.1217696161561275,9.42682320260474,-6.913360501454686,7.59159917693302,C3
GSE213504_GSM6588283,3.6563198164125343,7.375810054566177,8.418326119261677,-6.89994662565949,11.621087330209503,-7.156232079066653,8.076824399087368,C3
GSE213504_GSM6588284,2.766063544501982,7.45258834396897,8.160527141053478,-7.043058015624716,11.686376697957446,-7.510140566879568,8.46017731045194,C3
GSE229701_GSM7173418,1.1598297476933837,8.48537563400022,8.86853875390038,-7.261427522538816,12.785714406942736,-7.7856696962469,6.78008188485362,C3
GSE229701_GSM7173419,1.6465053744389508,8.442532500497109,8.881533503156056,-7.19448753693956,12.888496132304823,-7.74720118819063,6.778582343115621,C3
GSE229701_GSM7173420,1.1817349555826737,8.520968116183457,8.91391498060077,-7.2765731623710606,12.928608736966615,-7.604759922630683,6.83906602686269,C3
GSE229701_GSM7173421,1.114912528906421,8.639478522356129,8.856322482387103,-7.234406921908649,12.483134577181657,-7.512954143212283,6.431332113758412,C3
GSE229701_GSM7173422,1.4587737076076648,8.74753252557916,9.010755621276232,-7.193542150390151,12.503287008043875,-7.56266310584802,6.432190249157575,C3
GSE229701_GSM7173423,1.1519358314139643,8.611428958425488,8.835856756836632,-7.278446625269801,12.619150479202347,-7.671940607765478,6.511026300863981,C3
GSE229701_GSM7173424,1.5520514181672267,8.415602640353663,8.767854475959366,-7.208876046074113,12.928608736966615,-7.705969405799019,6.768938868821248,C3
GSE229701_GSM7173425,1.537477063506396,8.504872827908677,9.014450643414976,-7.2782061460644965,12.954669655926029,-7.654717080944436,6.791061488337515,C3
GSE229701_GSM7173426,1.1306508618557745,8.5345159023144,9.04098344491995,-7.280630903998754,12.977855406655465,-7.712937276369119,6.775883505367913,C3
GSE229701_GSM7173427,1.0136316195318904,8.392355766104123,9.00975248708684,-7.547760376990107,11.999822717664642,-7.503129133740743,7.052038733422847,C3
GSE229701_GSM7173428,1.381941261282787,8.434742170198728,8.949036933245337,-7.646759331859072,12.098557297739326,-7.4997684022481454,7.060637433596071,C3
GSE229701_GSM7173429,1.0970104599953177,8.358001593975672,8.799764476352966,-7.585739644492856,12.067764745085743,-7.53009904717166,7.027894258736406,C3
GSE229701_GSM7173430,1.166635787756622,8.346637114703118,8.692093592820676,-7.260912973217669,12.664865795379049,-7.769330996237846,6.637765770638909,C3
GSE229701_GSM7173431,1.4706637047548174,8.374428897451658,8.87673225567851,-7.291890968748163,12.590685147076373,-7.853574399004456,6.647367209633058,C3
GSE229701_GSM7173432,1.1592169144338385,8.298359462839196,8.816230128188298,-7.303703952823844,12.865274568650236,-7.7749590451214035,6.5941840248539325,C3
GSE229701_GSM7173433,2.381762409408338,8.350258298169667,8.292426456205963,-7.530702979124982,13.33415940799684,-7.2288327437739115,5.774587263260475,C3
GSE229701_GSM7173434,2.882153493993293,8.435214688730078,8.431745091117042,-7.513282520121376,13.314283626003824,-7.27259161431877,5.7012484974126085,C3
GSE229701_GSM7173435,2.48855128228497,8.395997530205348,8.484875883401955,-7.648214806273725,13.57894267007121,-7.236942023544028,5.801914425154592,C3
GSE229701_GSM7173436,2.343044642042514,8.487717205102761,8.500350107774112,-7.4445653575308794,12.754366933791461,-7.384596801998742,5.9363474198743855,C3
GSE229701_GSM7173437,2.242360457764617,8.48632093834594,8.52582828103477,-7.442868007675727,12.689830080377284,-7.210296429238903,5.748817709833646,C3
GSE229701_GSM7173438,1.9096373648748766,8.490876694163752,8.52349361656119,-7.421365988372444,12.807215863711843,-7.193556519959418,4.8731319057239295,C3
GSE229701_GSM7173439,2.4963735497921293,8.281904390334331,8.384703320397442,-7.51133342594237,13.535570181797766,-7.35483106089383,5.642916169695703,C3
GSE229701_GSM7173440,2.688926252673735,8.343492889943187,8.53212841992504,-7.482354133807092,13.386149592354737,-7.4087906648375785,5.776564904210051,C3
GSE229701_GSM7173441,2.0328036478186178,8.270788889462706,8.307513464754514,-7.453554844500216,13.254683111083029,-7.595076526243486,5.723429812643957,C3
GSE229701_GSM7173442,2.269124597783279,8.249294393802874,8.425986893485865,-7.882679126613088,12.711972744719198,-7.790660851356132,5.498556400072465,C3
GSE229701_GSM7173443,1.972846722659134,8.347863310374173,8.519807655048538,-8.071454216819934,12.96662347172242,-7.703163508186066,5.3686866835634195,C3
GSE229701_GSM7173444,1.9588017046145874,8.323795089822449,8.46576315000175,-7.8457907409653735,12.609660344599364,-7.5341873314494405,5.58682840233006,C3
GSE229701_GSM7173445,2.0699186394639426,8.32026173100611,8.53144304707277,-7.598276426437021,13.535570181797766,-7.644495971467085,5.368591213432042,C3
GSE229701_GSM7173446,2.0673333286270577,8.280687285007197,8.43210815692885,-7.617084151417754,13.482475672341781,-7.60062353165091,5.480707506630785,C3
GSE229701_GSM7173447,2.4521140925512914,8.258861427322994,8.31600320887227,-7.506320512980249,13.386149592354737,-7.570403188823533,5.6249424042705405,C3
GSE235092_GSM8181061,4.638586593451687,7.971352717236962,7.838033154528478,-7.118205916832749,10.161964359429897,-7.082880211422805,6.069636438974913,C3
GSE235092_GSM8181062,6.008214117921575,8.112944487906155,8.32755434180597,-7.06365168518953,9.69865120985356,-6.0178722765723265,6.882420992515046,C3
GSE235092_GSM8181056,5.469723846935573,8.39915060029752,9.592784104162071,-6.904918980255285,11.094528605159017,-6.705711148332033,6.538276352667285,C3
GSE235092_GSM8181050,4.825168735960037,8.608241671041736,9.60679130629803,-7.136606812320588,7.859409324615321,-6.386614571048052,6.761786374130355,C3
GSE235092_GSM8181057,5.670515044493354,8.972007964468677,10.16886364223861,-6.6141900998313075,11.328410161665671,-7.412461641582918,6.6180419532544,C3
GSE235092_GSM8181051,4.081268544738477,8.02379917296373,8.595497985766796,-6.41150371929395,7.989874482938805,-7.095757718286468,5.8375349116529485,C3
GSE235092_GSM8181052,5.538937474464089,8.609420924718822,9.04404576354305,-6.710118966057014,7.858771614804558,-6.075186957948402,6.6483852861737205,C3
GSE235092_GSM8181059,3.8492597650863396,8.129064300319772,8.513006281684904,-6.462339844294976,10.829794738845424,-6.382504153712115,4.826053071834874,C3
GSE235092_GSM8181064,4.795342345595829,8.465267040078945,8.865688504610208,-6.474218907913562,11.249855174249923,-6.309240538506176,6.224513860749713,C3
GSE235092_GSM8181053,6.3998297986932435,8.869737331424039,8.217762146866825,-6.615746530420713,8.749002444443166,-4.1397241151302175,6.980230376507652,C3
GSE235092_GSM8181055,5.204037044917519,8.336638500523119,8.416575597114237,-6.8121896710630185,11.455718457918534,-6.038683097120569,6.721334990224115,C3
GSE235092_GSM8181058,6.751578277835559,8.4881809506557,8.395071842895367,-6.472760715075651,11.328410161665671,-5.407978374386229,6.959326170712989,C3
GSE235092_GSM8181054,6.446726118208598,8.759824272318118,8.200358217538964,-6.010711656705453,7.50169927730474,-3.8613171161697246,6.38028011734178,C3
GSE235092_GSM8181060,4.759458808069775,7.83382749655044,7.762941632957334,-7.192430268509303,11.954838421913973,-6.683871144895286,6.551973937650436,C3
GSE244945_GSM7832476,4.795827769431695,8.81332360826891,8.298774730322473,-7.555210504289905,12.865274568650236,-7.418138575776748,7.662018772312372,C3
GSE244945_GSM7832477,4.795827769431695,8.81332360826891,8.298774730322473,-7.555210504289905,12.865274568650236,-7.418138575776748,7.662018772312372,C3
GSE244945_GSM7832478,4.795827769431695,8.81332360826891,8.298774730322473,-7.555210504289905,12.865274568650236,-7.418138575776748,7.662018772312372,C3
GSE244945_GSM7832479,4.795827769431695,8.81332360826891,8.298774730322473,-7.555210504289905,12.865274568650236,-7.418138575776748,7.662018772312372,C3
GSE244945_GSM7832480,4.795827769431695,8.81332360826891,8.298774730322473,-7.555210504289905,12.865274568650236,-7.418138575776748,7.662018772312372,C3
GSE244945_GSM7832481,4.795827769431695,8.81332360826891,8.298774730322473,-7.555210504289905,12.865274568650236,-7.418138575776748,7.662018772312372,C3
GSE244945_GSM7832482,4.795827769431695,8.81332360826891,8.298774730322473,-7.555210504289905,12.865274568650236,-7.418138575776748,7.662018772312372,C3
GSE244945_GSM7832483,4.795827769431695,8.81332360826891,8.298774730322473,-7.555210504289905,12.865274568650236,-7.418138575776748,7.662018772312372,C3
GSE244945_GSM7832484,4.795827769431695,8.81332360826891,8.298774730322473,-7.555210504289905,12.865274568650236,-7.418138575776748,7.662018772312372,C3
GSE246690_GSM7874626,1.0901157190143054,9.238055591556737,7.725328925437887,-8.014501777520962,12.711972744719198,-8.963476270570823,8.279507623972489,C3
GSE246690_GSM7874627,1.6556989778826605,9.255676109617246,7.190095494539962,-6.6118066827038255,6.900156350781976,-6.420597495191328,7.936583521374715,C3
GSE246690_GSM7874628,1.7041531922678537,9.256898922271514,7.175581934251483,-6.361773133274088,6.721967567221453,-7.143753823994549,7.917975046969323,C3
GSE246690_GSM7874629,1.420662365451664,9.20259719987638,7.28647924969158,-7.833640303941722,11.196962384063214,-7.8369096510835705,8.6411372902508,C3
GSE246690_GSM7874630,1.5214842403199398,9.407241062811822,7.555913832105752,-8.052326989193913,12.340511919772684,-9.046907550627978,8.506203265928772,C3
GSE246690_GSM7874631,1.9161946941380166,9.491517545884754,7.357146019577238,-6.542572654171554,7.00505480703707,-7.304067459519814,8.040260180905644,C3
GSE246690_GSM7874632,2.3001684497338433,9.510390516560506,7.544105946664955,-6.779977968274135,7.933401129741646,-7.723954494359019,8.248424483185987,C3
GSE246690_GSM7874633,1.2244917832094775,9.383154726489735,7.624335705696442,-7.994449539683924,11.519910235335901,-7.712229941918423,8.937838310681213,C3
GSE246690_GSM7874634,0.7813261109349877,8.983583749280099,7.646047184848146,-7.970458821250804,12.55629765233967,-8.801152494688688,7.920207289829026,C3
GSE246690_GSM7874635,1.7268333653268475,9.262103761657889,7.590772317753532,-6.723627799106207,7.697710371663393,-6.902091999907056,7.887884281529607,C3
GSE246690_GSM7874636,1.4270138158835781,9.33859304586164,7.654372650103944,-6.985545528839689,8.362397386217898,-7.5820458767378955,8.059547838922835,C3
GSE246690_GSM7874637,1.262090715926218,8.872756917359958,7.533173435431146,-7.982924265428306,11.455718457918534,-7.402601795402037,8.44284950296913,C3
GSE246690_GSM7874638,1.2242591394312359,9.082404121525702,7.651308157513652,-7.9954900606680415,12.566419657861564,-8.775497318991517,7.99622951922278,C3
GSE246690_GSM7874639,1.6504686239712743,9.34834887585866,7.710994145567375,-6.647336504565743,7.267888762820438,-6.7592732227126735,8.023699672873494,C3
GSE246690_GSM7874640,1.853560804605797,9.315593106230532,7.645482606311119,-6.957212322617314,8.767854475959366,-7.669825253674289,8.037090649381065,C3
GSE246690_GSM7874641,1.1571177266752657,8.885636869843996,7.584117855937507,-7.867171213931981,11.196962384063214,-7.28632951908579,8.4406960930628685,C3
GSE246690_GSM7874642,0.8153859495240057,10.000820667721428,7.820097520866507,-7.538709297759024,10.90173868666022,-8.463537414646202,10.329324557764085,C3
GSE246690_GSM7874643,1.0786268735107865,10.259823058160038,7.44832124195545,-6.311244330003175,5.831648754487063,-6.197180569949761,10.199836365408366,C3
GSE246690_GSM7874644,1.526309880065139,10.135096477399275,7.5582202100793525,-6.119660556749465,4.574201101274494,-6.641096274984679,10.161056368231916,C3
GSE246690_GSM7874645,1.6501395408652098,9.617125018473569,7.367213717162969,-7.273488290855646,8.92132813408941,-7.793748836359507,9.504781064148435,C3
GSE246690_GSM7874646,0.41422596652029026,9.875381782577577,7.5585942158968304,-7.4570573895823165,11.244788714379588,-8.642814663983106,10.10615627251802,C3
GSE246690_GSM7874647,1.169733944494961,10.35169590344476,7.502668855395575,-6.463150179864347,7.345034507864376,-6.818577796242928,10.106785931456189,C3
GSE246690_GSM7874648,1.422049918523554,9.98271918391815,7.516814224127761,-6.101145405643752,4.886872655897099,-6.482852938468003,10.101921087494116,C3
GSE246690_GSM7874649,1.0201640290106173,9.660808987898244,7.585032560724859,-6.903721813031607,8.65274685389516,-7.54288453883781,9.84506589286142,C3
GSE246690_GSM7874650,0.4070812608684544,9.900324022571334,7.722021277625995,-7.555251738227276,11.724910657198228,-8.945970229558853,10.221893433397094,C3
GSE246690_GSM7874651,0.718386140571879,10.154004059178469,7.559436043421851,-6.4596263936187786,5.040160581204078,-6.424205727844286,10.4891263840839,C3
GSE246690_GSM7874652,0.5487409166950824,9.880628621588757,7.32385300049866,-6.221439601193512,4.195023112004402,-7.094996436674984,9.968909416405268,C3
GSE246690_GSM7874653,1.576777555840028,9.694315766829334,7.609519989099135,-7.231225191190676,9.235252892433977,-8.073396392161364,10.34139709472576,C3
GSE246690_GSM7874654,1.1773452249562033,9.876161378051604,7.696755247293675,-7.686991559892812,11.954838421913973,-8.990513583645964,10.320228922523167,C3
GSE246690_GSM7874655,1.128695888112939,10.240104685133494,7.708091522599312,-6.33958386124749,4.545658034243403,-6.598876106172641,10.699602300016775,C3
GSE246690_GSM7874656,1.6318397433927605,9.998877431673257,7.5700402519696155,-6.1135068916294175,4.478397448923612,-6.913222987770924,10.47405634458457,C3
GSE246690_GSM7874657,1.6202335239934318,9.708190480482365,7.762360481798233,-7.171723594514074,9.18929948388191,-7.902497147524824,10.180891998136891,C3
GSE60052_GSM1464289,3.9675414833030107,8.208090340090614,8.494832918619073,-6.9817884706804385,7.979849679023415,-7.227209635377003,6.0573910775395605,C1
GSE60052_GSM1464290,0.17765065611682387,7.575161076797082,7.816030109555868,-7.07897084093206,6.995025063257889,-6.070827725339024,6.546705393419259,C1
GSE60052_GSM1464291,3.493659923534718,8.226172424765817,8.185894045659069,-6.622944616476344,7.1798578335006065,-7.483727285114534,7.633418807720389,C1
GSE60052_GSM1464292,3.4537212766070438,8.418954124222177,8.336882447910552,-6.939602868976413,8.00640376832148,-7.637638979961906,6.795893360499191,C1
GSE60052_GSM1464293,3.916248077420665,8.323304577271987,8.827150745140589,-7.01316265401427,8.524497856236222,-7.303590793222707,4.745765852542691,C1
GSE60052_GSM1464294,3.41720685071393,8.502171880326586,8.182122677595242,-7.013750625332948,5.9899702816307725,-6.426970241426174,7.554781428069787,C1
GSE60052_GSM1464295,4.745192536389968,7.996993813070841,8.496690896712847,-7.1730333963086075,7.5668315381144655,-7.391031000147566,6.34033162495845,C1
GSE60052_GSM1464296,5.169891000584651,8.185153119927786,8.23079068971412,-6.478626017039073,6.982446845318317,-7.90745241737225,6.594768139389197,C1
GSE60052_GSM1464297,3.0195905561436707,8.387459711889813,8.452585804229166,-6.822069408031133,8.620909930353617,-7.890761400393378,6.247129264894107,C1
GSE60052_GSM1464298,4.731233599046183,7.854784137498283,8.043625765819264,-6.846668347037744,7.22546408694431,-6.363248403317591,6.572237592524216,C1
GSE60052_GSM1464299,4.105579534401879,8.283164752671386,7.975819234243994,-7.5049117201656514,8.104414182141317,-7.74512231895464,5.708131610643273,C1
GSE60052_GSM1464300,3.5418155664484763,8.160191204566816,8.095718207674926,-7.539858870284737,7.839829322344513,-7.241411841079762,7.151614236635062,C1
GSE60052_GSM1464301,1.9794401588721346,8.560348808824045,8.67433224821587,-6.861449991002784,8.449351593309139,-8.110167425684656,6.1581699336948335,C1
GSE60052_GSM1464302,2.7726856533807966,8.251349800260103,8.514506602236423,-6.857337558147777,8.042547201452422,-7.3545048901068455,6.168565993722517,C1
GSE60052_GSM1464303,5.017859942747686,8.39151505908184,8.36748469102737,-7.512031673543246,8.517251914645758,-7.557866745459188,6.278129350422644,C1
GSE60052_GSM1464304,4.201671995437798,8.291487624087775,8.268976276818695,-6.994858162498208,8.423758754423242,-7.8556039964009505,6.84597173128501,C1
GSE60052_GSM1464305,3.929067423591902,8.321167264091683,8.532982391230082,-6.77074249994143,8.289812070469514,-7.350484014500784,6.186381965757128,C1
GSE60052_GSM1464306,4.695165222381791,8.672070353481896,8.633471697853816,-6.617793339835419,7.982585647719867,-6.490432047106637,5.557389981888935,C1
GSE60052_GSM1464307,2.7449893592985957,8.325450256299318,8.54102119548896,-7.256897670553419,8.54102119548896,-8.122338682205756,5.1685204359574115,C1
GSE60052_GSM1464308,3.006039972324625,8.27845258597436,8.795418705914251,-7.054439616665516,7.761486466034471,-7.617151684658024,5.569124563818681,C1
GSE60052_GSM1464309,4.024214433326907,8.458704195891531,8.507695500516947,-7.123604898306978,8.690819544005297,-7.891402042916356,5.680649104284411,C1
GSE60052_GSM1464310,3.4342350136516497,8.535694838395445,8.607852262144688,-6.861051053046857,8.282174863714241,-7.086752524768581,6.056545129820821,C1
GSE60052_GSM1464311,3.432675329788813,8.25179929397261,8.576139227517785,-6.969604984284169,8.474103932443281,-7.967194432231668,6.223885165809941,C1
GSE60052_GSM1464312,4.737861826732274,8.169284780037158,8.0272655910317,-7.186065069821691,8.43318821375036,-7.765845649337507,8.142497801721113,C1
GSE60052_GSM1464313,4.784788772422791,8.293670972324502,8.197475366514453,-6.918014752473304,8.12831332153562,-6.791150879628056,7.256527858271557,C1
GSE60052_GSM1464314,4.944329508550868,8.496259883041382,8.182122677595242,-7.1328113632697345,8.051656908629402,-6.764975033802433,7.4409860667845855,C1
GSE60052_GSM1464315,3.908958321124798,8.196381413330325,7.936161523934535,-7.2421819174897255,8.746222386108574,-7.401207245112705,6.575035769172597,C1
GSE60052_GSM1464316,3.973348324601206,8.222988921781358,8.491633298537106,-6.51888384081707,8.271877286613355,-6.901934952924511,6.834019193471178,C1
GSE60052_GSM1464317,5.54080574481193,8.16444550634322,8.409712891266118,-7.394473793748613,8.52635598031317,-8.112164087596044,7.756674441334303,C1
GSE60052_GSM1464318,5.073857700574905,8.201529367838903,8.640698253879574,-7.2082658079468125,7.70036671829831,-6.885253974980162,8.120257845180795,C1
GSE60052_GSM1464319,3.7727280843289095,8.00382778725177,8.202360027234619,-7.151113734359572,8.488201292410618,-7.5913017811037555,5.267367928412579,C1
GSE60052_GSM1464320,4.036172867818213,8.13640729637358,8.214986131660446,-6.970140997447658,7.662595936804626,-7.728823149914886,6.589284949603699,C1
GSE60052_GSM1464321,4.412938858674837,7.736627860875293,8.4180509379446,-7.087659366589628,8.641325083953998,-7.852066164400352,3.931129272790834,C1
GSE60052_GSM1464322,4.807622445912415,8.124624816305918,8.425986893485865,-7.23400292431597,8.223970299872743,-7.121677024475049,8.108917401566051,C1
GSE60052_GSM1464323,3.2959967028556507,7.593158633604049,8.34049783963987,-7.4681267050662745,8.762633767591895,-7.856798638117606,5.464139469965598,C1
GSE60052_GSM1464324,4.352298402106928,7.740754696562732,8.389866578134551,-7.128011009075912,8.474777187501575,-7.830154792263528,7.122078535442128,C1
GSE60052_GSM1464325,4.428676955603608,8.01254046334834,8.486231996583202,-7.219191753708042,8.754706767022071,-7.343552600134714,5.6719901314957655,C1
GSE60052_GSM1464326,2.8587594406701005,8.022220777332286,7.869371127406591,-7.204633455994659,8.843096353006965,-8.034042812836125,6.044613091046102,C1
GSE60052_GSM1464327,3.174280282884405,8.004976024843238,8.434614481520075,-7.375501373749026,8.820888258557442,-7.472842982688384,5.516393911297968,C1
GSE60052_GSM1464328,3.258994335988525,7.624612077264823,8.436479108459423,-7.305409841062267,8.416575597114237,-7.263731201574117,6.870690275497656,C1
GSE60052_GSM1464329,3.51360084647849,7.819776694249526,8.27922356680746,-7.495504365791973,8.640698253879574,-8.16245765443612,6.912907551892145,C1
GSE60052_GSM1464330,3.081425559601706,7.566120702890877,8.702808070722048,-7.29059327248612,8.727895253088365,-7.734165510582363,5.631979138592392,C1
GSE60052_GSM1464331,6.855932608286375,6.764794888726821,8.281742671310184,-6.743007668402054,7.261956940642656,-6.423131833842975,6.17683866769303,C1
GSE60052_GSM1464332,5.2163174129364105,7.3188885986126335,8.399580311590295,-6.716854144621662,8.503120862193509,-6.78602661985686,7.120297668278308,C1
GSE60052_GSM1464333,4.585502914112119,7.2290278713380784,8.618625436101524,-6.893892840673122,8.448367553489948,-7.3226431139460555,6.770520361444285,C1
GSE60052_GSM1464334,4.180409472356786,7.000491343734291,8.317593668046726,-6.940561203678158,8.642814663983106,-7.74084559534994,6.703346631493018,C1
GSE60052_GSM1464335,4.680878241791783,6.610592459555992,8.089066335906681,-7.163762197142891,7.934548410574776,-5.378383595255117,6.326791361033862,C1
GSE60052_GSM1464336,3.5301419850599745,7.787078625172202,8.20995788012004,-6.706092473800582,8.684379870513846,-6.332838986771374,7.0244243649968805,C1
GSE60052_GSM1464337,4.5244966138404035,7.625139910691683,8.174159425723866,-7.1107355806487265,8.82222108305793,-7.647857307012636,5.946786871094735,C1
GSE60052_GSM1464338,4.520759370703392,7.339565211120316,7.76666345251403,-6.754975225908929,8.91908414207142,-7.750405661737046,6.31160346196774,C1
GSE60052_GSM1464339,4.226752494082682,7.787751493197867,8.205746343781877,-7.141318526029076,8.802469360131438,-7.8719217469238005,7.030530013607782,C1
GSE60052_GSM1464340,4.219479235912572,7.94307115722772,7.869629287072736,-6.767043015752163,8.34614374567548,-7.030675160420818,7.428671103734782,C1
GSE60052_GSM1464341,4.224007335311449,7.5531603527077404,8.286179951583865,-7.308027648908976,8.802469360131438,-7.575727534819568,5.721781577805741,C1
GSE60052_GSM1464342,4.1396163976901725,7.881921212258542,8.172353811890009,-7.160526983582208,8.782401284326177,-6.862867573463305,7.176845130759823,C1
GSE60052_GSM1464343,4.026654903080765,7.735596586977563,7.706195467677523,-6.9710226624312,8.86987135275468,-8.167113500010073,5.940709876193942,C1
GSE60052_GSM1464344,3.3043237289690364,7.756088776458637,8.323663767833327,-7.022767663972683,8.853188155798172,-7.914439870446166,4.864828031505567,C1
GSE60052_GSM1464345,4.600860018383324,7.736324496337097,8.19107213887904,-7.3465883674444195,8.983545005697813,-7.918932242405184,5.275989825045013,C1
GSE60052_GSM1464346,4.535884858879161,7.778730522847049,8.292879399640448,-6.796007660176969,8.848872802195611,-6.889603470848615,6.99713455481623,C1
GSE60052_GSM1464347,4.508479192236225,7.633709837788874,8.689674794171266,-7.243199847773635,8.951770106845256,-7.514060093422422,6.364317515530158,C1
GSE60052_GSM1464348,4.69789416283876,7.691102394523142,7.814063688225251,-6.611493997656654,8.786040424396361,-6.991082838931517,7.1543746058689495,C1
GSE60052_GSM1464349,3.3429064792121475,7.112847858014737,7.731649203636832,-7.45293048643695,8.90267038637569,-7.951244476354057,5.065316416544425,C1
GSE60052_GSM1464350,3.8978449717922343,7.521180535475061,8.19518706362806,-7.085343226154493,8.856322482387103,-7.454890286690064,6.992780064052974,C1
GSE60052_GSM1464351,5.6289088332528054,7.79304730188117,7.911938835117392,-6.657215165665017,6.710005510518486,-6.897986468056219,6.848125524607918,C1
GSE60052_GSM1464352,5.434510284179608,7.9738535284421985,8.65215284489259,-6.554913472670826,8.968575714900899,-7.248955462313546,4.638077188046118,C1
GSE60052_GSM1464353,5.094748659731746,8.119511679473343,8.266048605661329,-7.145721068009888,8.430114675984434,-7.371365344958632,6.895229690816256,C1
GSE60052_GSM1464354,6.679084513577349,7.564673129937991,7.647857307012636,-4.306742840133798,3.3509258721258943,-5.367609301688141,5.5323796397355425,C1
GSE60052_GSM1464355,3.888902498489448,8.339540117284734,8.250871891880944,-6.876191281527982,8.726059300282529,-7.767449133225232,6.898436899416419,C1
GSE60052_GSM1464356,4.51301239694157,7.587565564725452,8.109879317109675,-6.338800817627029,8.709889956507244,-7.428970158408072,5.700617425683769,C1
GSE60052_GSM1464357,5.128290733777436,7.202769503592172,8.338898317332845,-6.9692444981961135,8.08880154089918,-4.7944880333682205,6.069140385308232,C1
GSE60052_GSM1464358,5.645955065018588,6.83955228403592,8.157894441774161,-7.201728537335874,6.94520408901238,-1.3693799163555755,7.155250205132482,C1
GSE60052_GSM1464359,3.9379538731435124,7.604330342963065,8.125780474503324,-6.746079957693509,5.546992910811142,-4.319079094580747,6.401700678498146,C1
GSE60052_GSM1464360,5.852088093047548,7.91272214207931,7.741433106741924,-5.398848169078063,1.5699402766850148,-5.573805959181699,6.094518993595878,C1
GSE60052_GSM1464361,4.840653506410171,8.289247583610841,8.163318635742275,-7.547876269381129,8.280044664608383,-8.044169313054368,7.229653365929393,C1
GSE60052_GSM1464362,3.8131776194659173,7.299363970970346,7.549638590308798,-7.340170210097373,8.749002444443166,-7.714973682586727,4.808468334569634,C1
GSE60052_GSM1464363,3.7401061673596914,7.611227744373203,7.842484656088006,-6.8891329971314645,8.926610987818103,-7.351482232475789,7.476994486241786,C1
GSE60052_GSM1464364,3.003442720108356,7.91426193117224,8.112164087596044,-6.681252697545333,8.273336774090906,-7.209268878137688,7.013494713909171,C1
GSE60052_GSM1464365,5.0294166930428545,8.084856690778526,8.418666826588868,-7.508961286587715,8.34081581440957,-7.695610617025576,6.057306262519077,C1
GSE60052_GSM1464366,5.586543149726746,8.157977350945494,7.581294121788366,-6.74282267889543,7.3806024874963745,-6.7843515027172066,6.610373896748948,C1
GSE60052_GSM1464367,4.767732800274147,7.949142440301237,7.728823149914886,-5.076094115710626,8.01063450948357,-7.697905157007368,7.294630473250347,C1
