ID,Description,GeneRatio,BgRatio,RichFactor,FoldEnrichment,zScore,pvalue,p.adjust,qvalue,geneID,Count
GO:0002460,adaptive immune response based on somatic recombination of immune receptors built from immunoglobulin superfamily domains,96/1943,400/18986,0.24,2.3451569737519296,9.18076087566862,8.228111974353005e-16,4.693315070170954e-12,4.306333972261383e-12,56941/3493/7297/3500/3494/3502/3507/3539/3538/2214/3503/713/3134/3501/714/712/28442/28392/28444/28388/84861/3495/28457/7133/3665/26022/28452/28468/28394/5777/28424/920/28448/972/3560/6778/710/89857/28408/28450/2213/6556/10865/64581/28473/5551/3122/28423/10859/1439/28420/3718/3575/2212/3133/28439/28395/2207/3566/9173/3824/28434/6097/2302/10312/925/3635/3726/11006/114836/8741/7128/5788/64005/939/201294/3554/911/4063/64218/54440/3123/28429/1512/374383/3514/6693/3383/3662/634/958/3537/6363/28396/1191/8284,96
GO:0002443,leukocyte mediated immunity,107/1943,485/18986,0.22061855670103092,2.1557714449437846,8.705904666636759,8.635555577897452e-15,2.4628604508163535e-11,2.2597885438582178e-11,56941/55904/8509/3493/3500/3494/3502/3507/3539/3538/2214/3503/713/3134/3501/714/712/28442/3965/28392/6688/3689/28444/7305/28388/84861/3495/28457/7133/3665/28452/2242/28468/28394/5777/28424/28448/10417/972/3560/6778/2268/710/28408/28450/2213/10865/64581/2671/28473/6348/5551/3122/28423/10859/6813/1439/5730/28420/11151/3718/3575/2212/8832/3133/28439/28395/4818/2207/3566/3824/914/28434/11314/2302/10312/925/3635/11006/114836/5880/8741/5788/64005/939/201294/3554/911/115727/54440/3123/28429/684/1512/374383/3514/6693/3383/634/958/3537/8673/28396/10814/2922/1191/8284,107
GO:0016064,immunoglobulin mediated immune response,58/1943,209/18986,0.27751196172248804,2.7117046347211313,8.401513809106635,7.559226091246388e-13,1.192968668910954e-9,1.0946040122952062e-9,56941/3493/3500/3494/3502/3507/3539/3538/2214/3503/713/3501/714/712/28442/28392/28444/28388/3495/28457/3665/28452/28468/28394/5777/28424/28448/972/3560/6778/710/28408/28450/2213/28473/28423/1439/28420/2212/3133/28439/28395/2207/3566/28434/2302/10312/3635/8741/5788/939/28429/374383/3514/958/3537/28396/1191,58
GO:0002449,lymphocyte mediated immunity,87/1943,386/18986,0.22538860103626943,2.2023818730183278,8.058389953766193,8.365839192923941e-13,1.192968668910954e-9,1.0946040122952062e-9,56941/3493/3500/3494/3502/3507/3539/3538/2214/3503/713/3134/3501/714/712/28442/3965/28392/28444/28388/84861/3495/28457/7133/3665/28452/28468/28394/5777/28424/28448/972/3560/6778/710/28408/28450/2213/10865/2671/28473/5551/3122/28423/10859/1439/28420/11151/3575/2212/3133/28439/28395/4818/2207/3566/3824/914/28434/2302/10312/925/3635/11006/114836/8741/5788/64005/939/201294/3554/911/115727/54440/3123/28429/1512/374383/3514/6693/3383/634/958/3537/28396/1191/8284,87
GO:0019724,B cell mediated immunity,58/1943,212/18986,0.27358490566037735,2.6733314559279076,8.272564803398987,1.4548913705293084e-12,1.659740075499835e-9,1.5228883987940466e-9,56941/3493/3500/3494/3502/3507/3539/3538/2214/3503/713/3501/714/712/28442/28392/28444/28388/3495/28457/3665/28452/28468/28394/5777/28424/28448/972/3560/6778/710/28408/28450/2213/28473/28423/1439/28420/2212/3133/28439/28395/2207/3566/28434/2302/10312/3635/8741/5788/939/28429/374383/3514/958/3537/28396/1191,58
GO:0002478,antigen processing and presentation of exogenous peptide antigen,21/1943,41/18986,0.5121951219512195,5.004908175690094,8.66773980094727,5.204578696818385e-11,4.947819481108678e-8,4.5398535579966684e-8,1515/1514/10437/3134/219972/972/2213/3122/3113/3133/3115/2207/3117/3109/8722/3108/3111/3123/1509/3127/3119,21
GO:0019886,antigen processing and presentation of exogenous peptide antigen via MHC class II,18/1943,31/18986,0.5806451612903226,5.673766871980476,8.79335643611497,7.843583572102672e-11,6.391400099324806e-8,5.8644056421796226e-8,1515/1514/10437/972/2213/3122/3113/3115/2207/3117/3109/8722/3108/3111/3123/1509/3127/3119,18
GO:0070661,leukocyte proliferation,74/1943,341/18986,0.21700879765395895,2.120498729932097,7.049787774895485,2.7519446862669905e-10,1.9621365613083642e-7,1.800351181594668e-7,100133941/7297/51237/8764/55716/2214/7940/79798/6352/916/8379/6376/3965/1725/7305/7133/1436/5777/2615/972/6778/115352/3659/2213/6556/10288/3481/3113/10859/30835/1439/199/11151/3575/2355/3133/3115/11326/10077/3109/9479/11314/64926/2302/10312/3485/3635/923/3726/11006/23308/5880/5699/7128/5788/11119/977/7535/54440/3123/1493/684/4282/3559/6693/8740/81704/958/6363/1503/1435/6480/3479/1191,74
GO:0050867,positive regulation of cell activation,81/1943,391/18986,0.2071611253196931,2.0242723238907327,6.909942039185978,4.303594338181053e-10,2.727522456109414e-7,2.502628192916514e-7,26258/56941/100133941/7297/207/8764/2214/6352/7704/916/3965/6688/1725/7305/84861/9580/9840/5777/920/7070/6366/972/59/6778/115352/64581/2621/6348/10288/3481/3122/3113/10859/30835/3561/199/11151/3575/375033/3133/3115/3566/9173/3117/3109/84630/914/64926/3485/3635/923/11006/101/23308/8741/1236/3108/5788/939/3603/6604/1960/3111/7535/54440/3123/4282/3559/6693/5341/51412/8740/81704/958/6363/3932/2812/3479/3127/4323/3119,81
GO:0050851,antigen receptor-mediated signaling pathway,53/1943,212/18986,0.25,2.4428718476582603,7.133225650224818,5.066608545119667e-10,2.889993514136258e-7,2.651702914351051e-7,9473/257144/3493/3500/3494/3502/8525/3507/3539/8517/55072/3503/9564/25865/3501/7805/916/3495/28638/9840/5777/7070/28755/115352/3937/89857/2213/153579/2355/3115/3702/11314/915/925/3635/11006/23308/1236/5788/11119/7535/150372/3123/1493/28639/919/54900/3514/634/3537/3932/640/3119,53
GO:0019884,antigen processing and presentation of exogenous antigen,22/1943,50/18986,0.44,4.299454451878538,7.887723825598176,7.694258413207144e-10,3.989822726266686e-7,3.660847160810136e-7,1515/1514/10437/3134/219972/972/2213/3122/3113/3133/3115/2207/3117/3109/8722/3108/911/3111/3123/1509/3127/3119,22
GO:0051251,positive regulation of lymphocyte activation,72/1943,336/18986,0.21428571428571427,2.0938901551356515,6.830816415403881,8.618840209148172e-10,4.0968220460817643e-7,3.7590239929723433e-7,26258/56941/100133941/7297/207/8764/2214/6352/7704/916/3965/6688/1725/7305/84861/9580/9840/5777/920/7070/6366/972/6778/115352/64581/2621/10288/3481/3122/3113/10859/30835/3561/199/11151/3575/3133/3115/3566/3117/3109/64926/3485/3635/923/11006/101/23308/8741/1236/3108/5788/939/6604/1960/3111/7535/54440/3123/4282/3559/6693/51412/8740/81704/958/6363/3932/3479/3127/4323/3119,72
GO:0002696,positive regulation of leukocyte activation,77/1943,371/18986,0.20754716981132076,2.028044552772896,6.752056221658767,1.062169803583145e-9,4.6604742766448147e-7,4.2762010230084187e-7,26258/56941/100133941/7297/207/8764/2214/6352/7704/916/3965/6688/1725/7305/84861/9580/9840/5777/920/7070/6366/972/6778/115352/64581/2621/6348/10288/3481/3122/3113/10859/30835/3561/199/11151/3575/3133/3115/3566/9173/3117/3109/84630/914/64926/3485/3635/923/11006/101/23308/8741/1236/3108/5788/939/3603/6604/1960/3111/7535/54440/3123/4282/3559/6693/51412/8740/81704/958/6363/3932/3479/3127/4323/3119,77
GO:0002495,antigen processing and presentation of peptide antigen via MHC class II,18/1943,35/18986,0.5142857142857142,5.0253363723255635,8.048015662676892,1.1535740619336673e-9,4.6999903209068846e-7,4.3124588240106723e-7,1515/1514/10437/972/2213/3122/3113/3115/2207/3117/3109/8722/3108/3111/3123/1509/3127/3119,18
GO:0002768,immune response-regulating cell surface receptor signaling pathway,76/1943,369/18986,0.20596205962059622,2.012555668531467,6.632021447678378,1.9547853261336467e-9,7.433397000177547e-7,6.820486064236135e-7,27202/9473/257144/3493/100133941/3500/3494/3502/8525/5609/3507/3539/8517/55072/2214/3503/9564/25865/3501/8398/7805/916/5284/7305/3495/28638/9840/5777/7070/28755/115352/2268/3937/89857/2213/153579/64581/10288/10859/1240/2212/2355/3115/3702/2207/3824/728/11314/915/925/3635/11006/23308/1236/7128/5788/64005/11119/7535/150372/92747/3123/1493/3430/28639/1535/919/406932/54900/3514/634/958/3537/3932/640/3119,76
GO:0002504,antigen processing and presentation of peptide or polysaccharide antigen via MHC class II,18/1943,37/18986,0.4864864864864865,4.753696568416075,7.716770005548825,3.67417058004231e-9,1.2935173683260718e-6,1.1868621014463036e-6,1515/1514/10437/972/2213/3122/3113/3115/2207/3117/3109/8722/3108/3111/3123/1509/3127/3119,18
GO:0019882,antigen processing and presentation,35/1943,118/18986,0.2966101694915254,2.8983225311199696,6.98420134987886,3.855153446974618e-9,1.2935173683260718e-6,1.1868621014463036e-6,1515/1514/10437/3134/55080/219972/6366/972/2213/6556/10288/3122/3113/30835/3133/3115/2207/3117/3109/925/8722/1236/3108/57705/911/3111/3123/1509/1512/3383/6363/6890/3127/3119/8284,35
GO:0032943,mononuclear cell proliferation,65/1943,305/18986,0.21311475409836064,2.0824481324299926,6.434660440615533,7.101881623640315e-9,2.2505073767357976e-6,2.0649447621485174e-6,100133941/7297/51237/8764/55716/2214/7940/79798/6352/916/8379/3965/1725/7305/7133/5777/2615/972/115352/3659/2213/6556/10288/3481/3113/10859/30835/199/11151/3575/2355/3133/3115/11326/10077/3109/9479/11314/64926/2302/3485/3635/923/11006/23308/5880/5699/5788/11119/977/7535/54440/3123/1493/4282/3559/6693/8740/81704/958/6363/1503/1435/6480/3479,65
GO:0050870,positive regulation of T cell activation,58/1943,260/18986,0.2230769230769231,2.1797933409873713,6.467534947053319,8.038595726597589e-9,2.4132710539217186e-6,2.214287975215691e-6,100133941/7297/207/8764/6352/7704/916/3965/1725/84861/9580/9840/5777/920/7070/6366/972/10288/3481/3122/3113/10859/30835/3561/199/11151/3575/3133/3115/3566/3117/3109/64926/3485/923/11006/101/23308/1236/3108/5788/939/6604/1960/3111/7535/54440/3123/3559/6693/51412/8740/81704/6363/3932/3479/3127/3119,58
GO:0070663,regulation of leukocyte proliferation,59/1943,270/18986,0.21851851851851853,2.1352509483235167,6.343601837181578,1.3388662029864757e-8,3.818446410917428e-6,3.50360145328882e-6,100133941/7297/51237/8764/2214/7940/6352/916/8379/3965/1725/7305/7133/1436/5777/2615/972/6778/115352/3659/2213/10288/3481/3113/10859/30835/1439/199/11151/3133/3115/11326/10077/3109/9479/11314/64926/2302/3485/3635/923/11006/23308/5880/7128/5788/7535/54440/3123/1493/684/4282/3559/6693/958/6363/1435/6480/3479,59
GO:0046651,lymphocyte proliferation,63/1943,297/18986,0.21212121212121213,2.072739749528221,6.2914137192570445,1.4552435533562395e-8,3.827448723987608e-6,3.5118614925198176e-6,100133941/7297/51237/8764/55716/2214/7940/79798/6352/916/8379/3965/1725/7305/7133/5777/2615/972/115352/3659/2213/6556/10288/3481/3113/10859/30835/199/11151/3575/2355/3133/3115/11326/10077/3109/9479/11314/64926/2302/3485/3635/923/11006/23308/5880/5699/5788/11119/977/7535/54440/3123/1493/4282/3559/6693/8740/81704/958/6363/1503/3479,63
GO:2000107,negative regulation of leukocyte apoptotic process,22/1943,57/18986,0.38596491228070173,3.771451273577665,7.075375911609065,1.4885262543639508e-8,3.827448723987608e-6,3.5118614925198176e-6,94103/26155/6352/1831/3665/6366/972/3059/2621/10859/3718/3575/6482/6097/1236/939/4282/1234/81704/6363/6387/6480,22
GO:0050863,regulation of T cell activation,77/1943,393/18986,0.19592875318066158,1.914515341167288,6.18559120470053,1.5433260983821e-8,3.827448723987608e-6,3.5118614925198176e-6,100133941/7297/207/8764/6352/7704/7805/916/8379/3965/1725/84861/9580/7133/9840/5777/920/7070/6366/2615/972/3659/10288/3481/3122/3113/10859/30835/3561/199/11151/3718/3575/135/3133/3115/3566/11326/10077/3117/3109/914/9479/11314/64926/2302/3485/923/3726/11006/101/23308/5880/1236/3108/5788/939/6604/1960/3111/7535/54440/3123/1493/3559/54900/6693/3662/51412/8740/81704/6363/3932/1840/3479/3127/3119,77
GO:0048002,antigen processing and presentation of peptide antigen,25/1943,72/18986,0.3472222222222222,3.3928775661920283,6.868528632436284,1.9592748607526342e-8,4.490841072169146e-6,4.120554700454897e-6,1515/1514/10437/3134/55080/219972/972/2213/6556/3122/3113/30835/3133/3115/2207/3117/3109/8722/3108/3111/3123/1509/6890/3127/3119,25
GO:0046631,alpha-beta T cell activation,47/1943,196/18986,0.23979591836734693,2.343162792651801,6.3820760856031304,1.9682858836645977e-8,4.490841072169146e-6,4.120554700454897e-6,4297/1514/7297/8764/79798/7704/916/3965/26022/28638/28755/6778/3659/3122/10859/3561/3718/2355/135/3133/4818/3702/3566/9479/11314/64926/6097/10312/915/3726/11006/114836/5788/57705/3630/4063/64218/7535/54440/3123/28639/919/374383/3559/6693/3662/6363,47
GO:0042098,T cell proliferation,50/1943,215/18986,0.23255813953488372,2.272438928054196,6.335503734797716,2.056400004162992e-8,4.511425239902195e-6,4.139441627813117e-6,100133941/7297/8764/55716/79798/6352/916/8379/3965/1725/7133/5777/2615/3659/6556/10288/3481/3113/10859/30835/199/11151/3133/3115/11326/10077/3109/9479/64926/2302/3485/923/11006/23308/5880/5699/5788/11119/977/7535/54440/3123/1493/3559/6693/8740/81704/6363/1503/3479,50
GO:0060326,cell chemotaxis,67/1943,328/18986,0.20426829268292682,1.9960050462573589,6.143764997160333,2.4676998574550835e-8,5.213244439601406e-6,4.783393251955818e-6,80024/27202/1238/51554/57007/3164/646960/4681/9564/25865/6352/1441/6376/3965/3689/5025/2185/57175/1436/6366/972/4283/5881/5159/692094/27237/63940/2621/6348/1240/199/11151/5228/5872/2022/5155/2207/728/57449/5919/3791/2321/56833/101/5880/1236/6351/3603/4739/6362/1960/643/57580/4282/1234/51411/64094/8740/240/6363/9037/6387/1435/2246/7984/1901/5054,67
GO:0002429,immune response-activating cell surface receptor signaling pathway,68/1943,336/18986,0.20238095238095238,1.9775629242947823,6.104408965573829,2.8542698146831387e-8,5.814555365340223e-6,5.335123879174649e-6,27202/9473/257144/3493/3500/3494/3502/8525/3507/3539/8517/55072/3503/9564/25865/3501/8398/7805/916/7305/3495/28638/9840/5777/7070/28755/115352/2268/3937/89857/2213/153579/64581/1240/2355/3115/3702/2207/3824/728/11314/915/925/3635/11006/23308/1236/7128/5788/64005/11119/7535/150372/92747/3123/1493/3430/28639/1535/919/406932/54900/3514/634/3537/3932/640/3119,68
GO:1903039,positive regulation of leukocyte cell-cell adhesion,60/1943,284/18986,0.2112676056338028,2.0643987444999383,6.102224431295931,3.7217459517396966e-8,7.3202892788700785e-6,6.7167044907621674e-6,100133941/7297/207/8764/6352/7704/916/3965/3689/1725/84861/9580/9840/5777/920/7070/6366/972/10288/3481/3122/3113/10859/30835/3561/199/11151/3575/3133/3115/3566/3117/3109/64926/3485/923/11006/101/23308/1236/3108/5788/939/6604/1960/3111/7535/54440/3123/3559/6693/51412/8740/81704/240/6363/3932/3479/3127/3119,60
GO:0032944,regulation of mononuclear cell proliferation,54/1943,245/18986,0.22040816326530613,2.153715588139528,6.136971429175966,4.015445498244975e-8,7.634700373996446e-6,7.005191234131234e-6,100133941/7297/51237/8764/2214/7940/6352/916/8379/3965/1725/7305/7133/5777/2615/972/115352/3659/2213/10288/3481/3113/10859/30835/199/11151/3133/3115/11326/10077/3109/9479/11314/64926/2302/3485/3635/923/11006/23308/5880/5788/7535/54440/3123/1493/4282/3559/6693/958/6363/1435/6480/3479,54
GO:0045785,positive regulation of cell adhesion,90/1943,499/18986,0.18036072144288579,1.762392515344637,5.827259456029879,6.017591961373096e-8,1.1072369208926497e-5,1.0159411623751115e-5,201627/136227/100133941/7297/207/8764/25865/5296/6352/7704/50848/916/55679/6376/3965/3689/1725/84861/9580/2185/9840/5777/920/7070/6366/972/5881/10288/3481/3122/3113/10859/30835/3561/199/11151/7052/3575/5155/3133/3115/3566/3117/3109/64926/3485/923/3791/11006/101/23308/1236/3108/5788/939/201294/4739/3373/6604/1960/3111/7535/54440/3123/57580/6423/30008/1295/2041/1601/3559/6693/51412/8740/81704/240/6237/9806/5345/6363/1307/3932/6387/1435/91663/8646/3479/3127/3170/3119,90
GO:0071887,leukocyte apoptotic process,33/1943,122/18986,0.27049180327868855,2.6431072450072985,6.1474868879955364,1.247169185163599e-7,2.2039287249953665e-5,2.0222066916433454e-5,1514/207/94103/55716/25865/26155/6352/3965/155038/1831/10572/80301/3665/57593/6366/972/3059/2621/10859/3718/3575/6482/6097/101/1236/939/4282/1234/3559/81704/6363/6387/6480,33
GO:0050670,regulation of lymphocyte proliferation,52/1943,240/18986,0.21666666666666667,2.1171556013038257,5.880762778197884,1.275063953801667e-7,2.2039287249953665e-5,2.0222066916433454e-5,100133941/7297/51237/8764/2214/7940/6352/916/8379/3965/1725/7305/7133/5777/2615/972/115352/3659/2213/10288/3481/3113/10859/30835/199/11151/3133/3115/11326/10077/3109/9479/11314/64926/2302/3485/3635/923/11006/23308/5880/5788/7535/54440/3123/1493/4282/3559/6693/958/6363/3479,52
GO:1903037,regulation of leukocyte cell-cell adhesion,74/1943,392/18986,0.18877551020408162,1.8446175176195025,5.705390620537997,1.418117359872717e-7,2.379100417857052e-5,2.182934833835031e-5,100133941/7297/207/8764/6352/7704/7805/916/8379/3965/3689/1725/84861/9580/9840/5777/920/7070/6366/2615/972/3659/10288/3481/3122/3113/10859/30835/3561/199/11151/3718/3575/135/3133/3115/3566/11326/10077/3117/3109/11314/64926/2302/3485/923/11006/101/23308/1236/3108/5788/939/6604/1960/3111/7535/54440/3123/1493/3559/54900/6693/51412/8740/81704/240/6363/3932/6387/1840/3479/3127/3119,74
GO:0007159,leukocyte cell-cell adhesion,79/1943,430/18986,0.18372093023255814,1.7952267531628148,5.6318581433591595,1.7606174488498974e-7,2.8693034080685185e-5,2.632718783663666e-5,100133941/7297/207/8764/6352/7704/7805/50848/916/8379/3965/3689/1725/84861/9580/9840/5777/920/7070/6366/2615/972/3659/10288/3481/3122/3113/10859/30835/3561/199/11151/3718/3575/135/3133/3115/3683/3566/11326/10077/3117/3109/11314/64926/2302/3485/923/11006/101/23308/51148/5880/1236/3108/5788/939/6604/1960/3111/7535/54440/3123/1493/3559/54900/6693/3383/51412/8740/81704/240/6363/3932/6387/1840/3479/3127/3119,79
GO:0006935,chemotaxis,84/1943,472/18986,0.17796610169491525,1.7389935186719818,5.489466992943064,2.9841675485826685e-7,4.7282476936432065e-5,4.338386272383926e-5,80024/27202/1238/51554/57007/3164/646960/4681/1890/9564/25865/8398/6352/1441/56413/6376/10013/3965/3689/5025/2185/2242/10800/57175/1436/6366/972/4283/5881/5159/692094/27237/63940/2621/6348/4858/1240/199/11151/5228/5872/2022/5155/2207/728/57449/5919/3791/6405/2321/10500/56833/101/5880/1236/6351/3603/4739/6362/641700/4046/1960/64218/643/846/57580/4282/9423/1234/51411/6693/64094/8740/240/6363/9037/6387/1435/6586/2246/7984/1901/6480/5054,84
GO:0022409,positive regulation of cell-cell adhesion,65/1943,336/18986,0.19345238095238096,1.8903175011641302,5.559603378201291,3.251310570642416e-7,5.012290674309281e-5,4.599008864077978e-5,201627/100133941/7297/207/8764/6352/7704/50848/916/6376/3965/3689/1725/84861/9580/9840/5777/920/7070/6366/972/10288/3481/3122/3113/10859/30835/3561/199/11151/3575/3133/3115/3566/3117/3109/64926/3485/923/11006/101/23308/1236/3108/5788/939/6604/1960/3111/7535/54440/3123/3559/6693/51412/8740/81704/240/5345/6363/3932/3479/3127/3170/3119,65
GO:0042330,taxis,84/1943,474/18986,0.17721518987341772,1.7316559932767415,5.446758420635797,3.5875296485450024e-7,5.3850708198159724e-5,4.941051914838159e-5,80024/27202/1238/51554/57007/3164/646960/4681/1890/9564/25865/8398/6352/1441/56413/6376/10013/3965/3689/5025/2185/2242/10800/57175/1436/6366/972/4283/5881/5159/692094/27237/63940/2621/6348/4858/1240/199/11151/5228/5872/2022/5155/2207/728/57449/5919/3791/6405/2321/10500/56833/101/5880/1236/6351/3603/4739/6362/641700/4046/1960/64218/643/846/57580/4282/9423/1234/51411/6693/64094/8740/240/6363/9037/6387/1435/6586/2246/7984/1901/6480/5054,84
GO:0002399,MHC class II protein complex assembly,10/1943,16/18986,0.625,6.107179619145651,6.900429722433993,5.523250916988012e-7,7.876155807624905e-5,7.226737778753788e-5,3122/3113/3115/3117/3109/3108/3111/3123/3127/3119,10
GO:0002503,peptide antigen assembly with MHC class II protein complex,10/1943,16/18986,0.625,6.107179619145651,6.900429722433993,5.523250916988012e-7,7.876155807624905e-5,7.226737778753788e-5,3122/3113/3115/3117/3109/3108/3111/3123/3127/3119,10
GO:0050853,B cell receptor signaling pathway,24/1943,79/18986,0.3037974683544304,2.968553131331557,5.919950201942059,6.452188305730687e-7,8.976410267289716e-5,8.236272209523229e-5,257144/3493/3500/3494/3502/3507/3539/3503/9564/3501/3495/5777/115352/89857/2213/3702/11314/5788/150372/1493/3514/3537/3932/640,24
GO:0042129,regulation of T cell proliferation,41/1943,182/18986,0.22527472527472528,2.2012691374503004,5.498187818120887,9.144439852573331e-7,1.2419020218828162e-4,1.1395026302504913e-4,100133941/7297/8764/6352/916/8379/3965/1725/7133/5777/2615/3659/10288/3481/3113/10859/30835/199/11151/3133/3115/11326/10077/3109/9479/64926/2302/3485/923/11006/23308/5880/5788/7535/54440/3123/1493/3559/6693/6363/3479,41
GO:0002687,positive regulation of leukocyte migration,36/1943,152/18986,0.23684210526315788,2.314299645149931,5.493050359784645,1.1891698693658912e-6,1.577447659270475e-4,1.4473812951009083e-4,83483/8764/646960/6352/6376/3965/5025/2185/1436/7070/6366/972/63940/2621/6348/1240/199/11151/5228/728/5919/101/5880/1236/6351/3554/4739/6693/3383/8740/81704/6363/6387/1435/5054/4323,36
GO:2000106,regulation of leukocyte apoptotic process,26/1943,93/18986,0.27956989247311825,2.7318136791017102,5.652764031932953,1.3291804300271958e-6,1.7231011756534373e-4,1.5810251430849802e-4,94103/25865/26155/6352/3965/155038/1831/3665/6366/972/3059/2621/10859/3718/3575/6482/6097/101/1236/939/4282/1234/81704/6363/6387/6480,26
GO:0071677,positive regulation of mononuclear cell migration,26/1943,94/18986,0.2765957446808511,2.7027518314516925,5.58785326867219,1.6602213568219633e-6,2.0265771528320007e-4,1.8594784092198843e-4,8764/6352/6376/3965/5025/2185/1436/6366/2621/6348/1240/199/11151/728/5919/101/1236/6351/4739/6693/8740/81704/6387/1435/5054/4323,26
GO:0002396,MHC protein complex assembly,11/1943,21/18986,0.5238095238095238,5.118398156998261,6.375734646836872,1.6698654660431984e-6,2.0265771528320007e-4,1.8594784092198843e-4,55080/3122/3113/3115/3117/3109/3108/3111/3123/3127/3119,11
GO:0002501,peptide antigen assembly with MHC protein complex,11/1943,21/18986,0.5238095238095238,5.118398156998261,6.375734646836872,1.6698654660431984e-6,2.0265771528320007e-4,1.8594784092198843e-4,55080/3122/3113/3115/3117/3109/3108/3111/3123/3127/3119,11
GO:0050852,T cell receptor signaling pathway,35/1943,149/18986,0.2348993288590604,2.295315830014473,5.359590608145359,2.0379945934325056e-6,2.4218169085289608e-4,2.2221291926636882e-4,9473/8525/8517/55072/9564/25865/7805/916/28638/9840/5777/7070/28755/3937/153579/2355/3115/3702/11314/915/925/3635/11006/23308/1236/5788/11119/7535/3123/1493/28639/919/634/3932/3119,35
GO:0050920,regulation of chemotaxis,45/1943,216/18986,0.20833333333333334,2.0357265397152173,5.169023697011292,2.7003706096584e-6,3.1434518280594925e-4,2.8842626576201e-4,80024/27202/646960/4681/25865/6352/10013/3965/5025/2185/57175/1436/6366/972/5159/63940/2621/6348/4858/1240/199/5228/5155/728/5919/3791/6405/56833/5880/1236/6351/3603/4739/846/4282/64094/8740/6363/9037/6387/1435/2246/1901/6480/5054,45
GO:0050921,positive regulation of chemotaxis,34/1943,145/18986,0.23448275862068965,2.29124531918292,5.269986049508777,2.95862120821452e-6,3.3751950743311245e-4,3.0968978204721256e-4,646960/25865/6352/3965/5025/2185/1436/6366/972/5159/63940/2621/6348/1240/199/5228/5155/728/5919/3791/5880/1236/6351/3603/4739/846/64094/8740/6363/9037/6387/1435/1901/5054,34
GO:1902105,regulation of leukocyte differentiation,62/1943,337/18986,0.18397626112759644,1.7977217157841203,4.988928383924324,3.454968709590456e-6,3.8641453959811686e-4,3.545532388871775e-4,130733/714/7704/6988/3965/6688/7305/2353/9580/3665/2242/9840/5777/920/972/3059/115352/3659/2213/2621/6348/10288/28959/3122/10859/3561/3718/3575/81501/3566/914/2302/55365/3635/3726/56833/11006/101/8111/9370/5788/939/4739/6604/1960/3111/7535/150372/54440/3123/1493/11025/6886/3559/3662/634/51412/6363/1435/1840/4323/9935,62
GO:0030098,lymphocyte differentiation,74/1943,426/18986,0.17370892018779344,1.697394523255505,4.915447083393961,3.7465931392471986e-6,4.109724474281927e-4,3.770862568489286e-4,4297/1514/3507/55716/5296/10014/79798/7704/916/3965/6688/9580/26022/2185/9840/5777/920/972/6778/115352/29781/3659/2213/2621/10288/3122/3561/3718/3575/2355/6482/5450/3702/2207/3566/914/6097/2302/10312/915/925/3635/10320/3726/56833/11006/101/114836/1236/5788/939/6604/4063/1960/64218/3111/7535/150372/54440/3123/1493/57580/54567/3559/6693/1958/3662/51412/3394/6363/3932/1840/4323/9935,74
GO:0070665,positive regulation of leukocyte proliferation,37/1943,166/18986,0.22289156626506024,2.1779821292374852,5.146969746201834,3.977628289395319e-6,4.280828634473755e-4,3.927858561047374e-4,100133941/7297/2214/6352/916/3965/1725/1436/972/115352/10288/3481/3113/30835/1439/199/11151/3133/3115/3109/64926/3485/923/23308/5880/5788/7535/54440/684/4282/3559/6693/958/6363/1435/6480/3479,37
GO:0002274,myeloid leukocyte activation,49/1943,247/18986,0.19838056680161945,1.93847320704866,5.012632069803018,4.281555194916048e-6,4.5225908947779886e-4,4.1496866333572304e-4,55904/22918/2214/712/6352/6376/3965/6688/3689/7305/161145/2242/5777/972/10397/4055/2268/3937/2213/6556/6348/6813/5730/199/8832/81501/2207/3566/11326/9173/10077/84630/914/728/11314/11006/5880/5788/201294/3603/3430/57580/4282/3662/8673/1435/10814/2922/1191,49
GO:0030217,T cell differentiation,59/1943,320/18986,0.184375,1.8016179876479672,4.8829861368939245,5.503962399016856e-6,5.708109367998571e-4,5.237454746011828e-4,4297/1514/55716/5296/79798/7704/916/3965/6688/9580/26022/9840/920/972/6778/29781/3659/10288/3122/3561/3718/3575/2355/3702/2207/3566/914/6097/2302/10312/915/925/3726/11006/101/114836/1236/5788/939/6604/4063/1960/64218/3111/7535/54440/3123/1493/57580/54567/3559/6693/1958/3662/51412/6363/3932/1840/9935,59
GO:0002468,dendritic cell antigen processing and presentation,9/1943,16/18986,0.5625,5.496461657231086,6.075274413499598,7.079421247076183e-6,7.210896213093312e-4,6.616331285801276e-4,219972/6366/972/2213/6556/3122/1236/3123/6363,9
GO:0030595,leukocyte chemotaxis,47/1943,240/18986,0.19583333333333333,1.913582947332304,4.809146179097918,9.536710242248977e-6,9.543402670489152e-4,8.756514002670714e-4,80024/27202/646960/4681/6352/1441/6376/3965/3689/2185/1436/6366/972/4283/692094/63940/2621/6348/1240/199/11151/5228/5155/2207/728/5919/2321/56833/101/5880/1236/6351/3603/4739/6362/643/57580/4282/1234/8740/240/6363/6387/1435/7984/1901/5054,47
GO:0000353,formation of quadruple SL/U4/U5/U6 snRNP,7/1943,10/18986,0.7,6.840041173443129,6.237093465424468,1.0558927777841903e-5,0.0010038020674135034,9.210348931829815e-4,101954271/101954275/26835/26834/26832/26831/26827,7
GO:0000365,"mRNA trans splicing, via spliceosome",7/1943,10/18986,0.7,6.840041173443129,6.237093465424468,1.0558927777841903e-5,0.0010038020674135034,9.210348931829815e-4,101954271/101954275/26835/26834/26832/26831/26827,7
GO:0045291,"mRNA trans splicing, SL addition",7/1943,10/18986,0.7,6.840041173443129,6.237093465424468,1.0558927777841903e-5,0.0010038020674135034,9.210348931829815e-4,101954271/101954275/26835/26834/26832/26831/26827,7
GO:0072676,lymphocyte migration,27/1943,110/18986,0.24545454545454545,2.3984559958826557,4.966596093509413,1.2341927414467067e-5,0.0011507831864778933,0.0010558968781221093,80024/257144/207/8764/6352/50848/6376/2185/6366/692094/2621/6348/199/11151/3683/101/1236/6351/64005/4739/7535/6693/3383/8740/81704/6387/1901,27
GO:0042102,positive regulation of T cell proliferation,26/1943,104/18986,0.25,2.4428718476582603,4.981832389307346,1.2508512896498841e-5,0.0011507831864778933,0.0010558968781221093,100133941/7297/6352/916/3965/1725/10288/3481/3113/30835/199/11151/3133/3115/3109/64926/3485/923/23308/5788/7535/54440/3559/6693/6363/3479,26
GO:0032946,positive regulation of mononuclear cell proliferation,33/1943,148/18986,0.22297297297297297,2.1787775938573675,4.860870070370744,1.2839209148989096e-5,0.0011624579204100604,0.0010666089872810992,100133941/7297/2214/6352/916/3965/1725/972/115352/10288/3481/3113/30835/199/11151/3133/3115/3109/64926/3485/923/23308/5788/7535/54440/4282/3559/6693/958/6363/1435/6480/3479,33
GO:0002685,regulation of leukocyte migration,46/1943,236/18986,0.19491525423728814,1.9046119490216946,4.7215692585538465,1.3400028476358596e-5,0.0011942775379554598,0.0010958049602706405,80024/27202/257144/83483/207/8764/646960/4681/6352/6376/3965/5025/2185/1436/7070/6366/972/5881/63940/2621/6348/1240/199/11151/5228/728/5919/11314/56833/101/5880/1236/6351/3554/4739/55512/4282/6693/3383/8740/81704/6363/6387/1435/5054/4323,46
GO:0043299,leukocyte degranulation,22/1943,81/18986,0.2716049382716049,2.653984229554653,5.036794266144103,1.4080663486409227e-5,0.001218819884812093,0.0011183237003184704,2214/3134/3965/6688/3689/2242/2268/2213/6348/6813/5730/11151/8832/4818/3566/11314/5880/201294/634/8673/10814/2922,22
GO:0050900,leukocyte migration,69/1943,404/18986,0.1707920792079208,1.6688926484001978,4.588487537708925,1.4102754627909914e-5,0.001218819884812093,0.0011183237003184704,80024/27202/257144/83483/207/8764/646960/4681/6352/50848/1441/6376/3965/3679/947/3689/5025/2185/1436/7070/6366/972/4283/5881/692094/63940/2621/6348/1240/199/11151/5228/5155/3683/2207/728/5919/11314/2302/2321/56833/101/5880/1236/6351/64005/3603/3554/4739/6362/7535/55512/643/57580/4282/1234/6693/3383/8740/81704/240/6363/3932/6387/1435/7984/1901/5054/4323,69
GO:0071674,mononuclear cell migration,45/1943,231/18986,0.19480519480519481,1.9035365046687744,4.6651094606785435,1.6794592507348468e-5,0.0014297963531629205,0.0013119043825064662,80024/257144/207/8764/4681/6352/50848/6376/3965/5025/2185/1436/6366/692094/2621/6348/1240/199/11151/5155/3683/728/5919/2321/56833/101/1236/6351/64005/4739/7535/4282/1234/6693/3383/8740/81704/240/6363/6387/1435/7984/1901/5054/4323,45
GO:0002690,positive regulation of leukocyte chemotaxis,24/1943,95/18986,0.25263157894736843,2.4685862881599268,4.845097005649845,2.2089546390957433e-5,0.0018529231266767822,0.0017001427965300366,646960/6352/3965/2185/1436/6366/972/63940/2621/6348/1240/199/5228/728/5919/5880/1236/6351/4739/8740/6363/6387/1435/5054,24
GO:0002688,regulation of leukocyte chemotaxis,29/1943,126/18986,0.23015873015873015,2.248993129590144,4.749448215737243,2.2428460755648705e-5,0.0018540860891336263,0.001701209868452866,80024/27202/646960/4681/6352/3965/2185/1436/6366/972/63940/2621/6348/1240/199/5228/728/5919/56833/5880/1236/6351/4739/4282/8740/6363/6387/1435/5054,29
GO:0045730,respiratory burst,14/1943,40/18986,0.35,3.4200205867215643,5.173196423930919,2.3383170728884717e-5,0.0019053943691079774,0.0017482875919400723,3493/100133941/3494/1043/10811/5881/6556/64581/4689/56833/5880/3630/1535/3643,14
GO:0002455,humoral immune response mediated by circulating immunoglobulin,17/1943,56/18986,0.30357142857142855,2.9663443864421732,4.975617289423426,2.7427420416268073e-5,0.0022034648740055364,0.002021781086874498,3493/3500/3494/3502/3507/3503/713/3501/714/712/5777/710/2213/2302/5788/374383/1191,17
GO:0071675,regulation of mononuclear cell migration,32/1943,147/18986,0.21768707482993196,2.1271265068044714,4.632027046969235,2.8725164440836497e-5,0.0022756713607018247,0.0020880338830385828,80024/257144/207/8764/4681/6352/6376/3965/5025/2185/1436/6366/2621/6348/1240/199/11151/728/5919/56833/101/1236/6351/4739/4282/6693/8740/81704/6387/1435/5054/4323,32
GO:0043300,regulation of leukocyte degranulation,15/1943,46/18986,0.32608695652173914,3.186354583902079,5.012774922997344,3.157001625980022e-5,0.0024667859280260336,0.002263390351027061,3134/3965/6688/3689/2242/2268/2213/6813/8832/3566/11314/5880/201294/634/8673,15
GO:2000403,positive regulation of lymphocyte migration,14/1943,42/18986,0.3333333333333333,3.257162463544347,4.944476317391254,4.375324876545622e-5,0.0033725477156508416,0.003094468746256733,8764/6352/2185/6366/6348/199/11151/101/6351/4739/6693/8740/81704/6387,14
GO:0051017,actin filament bundle assembly,34/1943,164/18986,0.2073170731707317,2.0257961663507524,4.454703366690239,4.7534222461773763e-5,0.0036151360656261,0.003317054794104409,26258/2039/116985/84501/114822/11170/2006/5296/134549/10458/50848/22899/6376/10174/11346/2185/57175/64780/85358/51466/5829/199/55160/10411/4739/28984/389/7791/2041/5341/5345/7984/1901/10083,34
GO:0050671,positive regulation of lymphocyte proliferation,31/1943,145/18986,0.21379310344827587,2.0890766145491333,4.444870761779019,5.474667039391038e-5,0.0040602999878475475,0.0037255133128327317,100133941/7297/2214/6352/916/3965/1725/972/115352/10288/3481/3113/30835/199/11151/3133/3115/3109/64926/3485/923/23308/5788/7535/54440/4282/3559/6693/958/6363/3479,31
GO:0002366,leukocyte activation involved in immune response,55/1943,315/18986,0.1746031746031746,1.7061327189994198,4.267037913437837,5.481120250074705e-5,0.0040602999878475475,0.0037255133128327317,56941/4297/2214/3134/3965/6688/3689/7305/26022/2185/2242/5777/972/6778/2268/2213/6556/6348/3122/10859/6813/5730/11151/3718/8832/6482/5450/4818/3683/2207/3566/3109/11314/6097/3726/114836/5880/8741/5788/201294/911/4063/64218/3123/3430/6693/3383/3662/634/3394/958/6363/8673/10814/2922,55
GO:0097048,dendritic cell apoptotic process,7/1943,12/18986,0.5833333333333334,5.700034311202608,5.498964073754737,5.786494534990058e-5,0.004177995547795354,0.0038335044407688964,3965/6366/2621/10859/1236/6363/6387,7
GO:2000668,regulation of dendritic cell apoptotic process,7/1943,12/18986,0.5833333333333334,5.700034311202608,5.498964073754737,5.786494534990058e-5,0.004177995547795354,0.0038335044407688964,3965/6366/2621/10859/1236/6363/6387,7
GO:0031589,cell-substrate adhesion,61/1943,361/18986,0.16897506925207756,1.651137758528021,4.217421614255756,5.966274801614911e-5,0.004253953933551431,0.003903199778109123,26515/349633/136227/2039/11170/7450/916/55679/6376/3679/947/3689/94/10174/2185/7070/6366/3687/5881/51754/6614/64098/2621/57348/5829/11151/79778/5155/80725/3683/4059/7148/3791/5880/1281/1236/64005/201294/4739/50509/57580/30008/7791/25992/1295/2041/1601/57662/3911/6237/9806/1307/1435/10516/91663/6480/10631/5054/4323/1277/4585,61
GO:0030198,extracellular matrix organization,58/1943,339/18986,0.1710914454277286,1.6718179016422312,4.214204580867308,6.285435317424102e-5,0.004426188030936676,0.00406123254038111,63894/79709/1515/23127/10585/2006/7133/57326/7075/57188/2621/2331/2022/4327/1999/7148/340267/64856/164656/7177/9719/101/1281/169611/4629/50509/28984/55512/54507/6423/30008/1296/6692/80781/81794/1295/1291/83716/1471/165/64094/9510/1278/9806/5345/1307/64093/3249/10266/10516/10631/1306/9509/1282/4323/1284/1277/140766,58
GO:0002704,negative regulation of leukocyte mediated immunity,19/1943,71/18986,0.2676056338028169,2.6149050763665884,4.603007476496357,6.640232490145496e-5,0.004619010502901208,0.004238156089987601,3134/3965/6688/5777/2213/2671/10859/3718/3575/8832/3133/3824/11314/2302/11006/5788/684/6693/634,19
GO:0043062,extracellular structure organization,58/1943,340/18986,0.17058823529411765,1.6669007901668131,4.1896382859699886,6.83836482977176e-5,0.004653184288854168,0.0042695121215366744,63894/79709/1515/23127/10585/2006/7133/57326/7075/57188/2621/2331/2022/4327/1999/7148/340267/64856/164656/7177/9719/101/1281/169611/4629/50509/28984/55512/54507/6423/30008/1296/6692/80781/81794/1295/1291/83716/1471/165/64094/9510/1278/9806/5345/1307/64093/3249/10266/10516/10631/1306/9509/1282/4323/1284/1277/140766,58
GO:0008360,regulation of cell shape,30/1943,140/18986,0.21428571428571427,2.0938901551356515,4.3862847029787835,6.852515432393937e-5,0.004653184288854168,0.0042695121215366744,57464/2039/116985/226/23580/7940/10458/50848/3679/10435/54751/3689/221472/5364/2185/2242/1436/161176/5881/2268/64098/6348/11151/3791/152273/64218/79784/57381/3249/11135,30
GO:0002577,regulation of antigen processing and presentation,9/1943,20/18986,0.45,4.397169325784869,5.132311384975494,7.098950574454174e-5,0.004708420241475187,0.004320193666607852,55080/6366/972/2213/6556/10288/1236/3111/6363,9
GO:0045655,regulation of monocyte differentiation,9/1943,20/18986,0.45,4.397169325784869,5.132311384975494,7.098950574454174e-5,0.004708420241475187,0.004320193666607852,3665/2242/920/972/81501/3635/8111/3123/1435,9
GO:0045229,external encapsulating structure organization,58/1943,341/18986,0.17008797653958943,1.6620125180548868,4.165152205834222,7.435505290025652e-5,0.004874956571759347,0.004472998463642776,63894/79709/1515/23127/10585/2006/7133/57326/7075/57188/2621/2331/2022/4327/1999/7148/340267/64856/164656/7177/9719/101/1281/169611/4629/50509/28984/55512/54507/6423/30008/1296/6692/80781/81794/1295/1291/83716/1471/165/64094/9510/1278/9806/5345/1307/64093/3249/10266/10516/10631/1306/9509/1282/4323/1284/1277/140766,58
GO:0003094,glomerular filtration,11/1943,29/18986,0.3793103448275862,3.7064262516194297,4.924691957407563,7.541264981694758e-5,0.004888110847225784,0.004485068120692146,3493/3494/358/28912/947/2702/2621/4162/5155/54885/57156,11
GO:0002263,cell activation involved in immune response,55/1943,319/18986,0.1724137931034483,1.684739205281559,4.16439533477937,7.780587855268623e-5,0.004986570014208115,0.004575408967048562,56941/4297/2214/3134/3965/6688/3689/7305/26022/2185/2242/5777/972/6778/2268/2213/6556/6348/3122/10859/6813/5730/11151/3718/8832/6482/5450/4818/3683/2207/3566/3109/11314/6097/3726/114836/5880/8741/5788/201294/911/4063/64218/3123/3430/6693/3383/3662/634/3394/958/6363/8673/10814/2922,55
GO:0061572,actin filament bundle organization,34/1943,168/18986,0.20238095238095238,1.9775629242947823,4.297157874766534,7.891432105543411e-5,0.005001414303335513,0.004589029289913666,26258/2039/116985/84501/114822/11170/2006/5296/134549/10458/50848/22899/6376/10174/11346/2185/57175/64780/85358/51466/5829/199/55160/10411/4739/28984/389/7791/2041/5341/5345/7984/1901/10083,34
GO:0070227,lymphocyte apoptotic process,21/1943,84/18986,0.25,2.4428718476582603,4.47488833453746,8.307855918770902e-5,0.005207473644029585,0.004778098279714162,207/94103/55716/25865/26155/6352/3965/155038/1831/10572/57593/972/3718/3575/6482/6097/101/939/4282/3559/81704,21
GO:0018108,peptidyl-tyrosine phosphorylation,39/1943,204/18986,0.19117647058823528,1.8680784717386696,4.2089312367870315,9.108970184676099e-5,0.00561036745197496,0.005147772010633258,2039/84619/10188/79643/916/9094/3689/2324/2185/2242/1436/5777/920/5159/3059/2268/3718/23624/5155/80725/57732/84630/3791/2321/11006/9370/5788/1464/1609/4739/9961/7535/6423/2041/83666/3643/3932/640/3479,39
GO:0070231,T cell apoptotic process,17/1943,61/18986,0.2786885245901639,2.7232014039469132,4.551470080957627,9.147338236915695e-5,0.00561036745197496,0.005147772010633258,207/55716/25865/6352/3965/155038/1831/10572/57593/3718/3575/6482/6097/101/939/3559/81704,17
GO:0050866,negative regulation of cell activation,41/1943,219/18986,0.1872146118721461,1.8293652192509346,4.16810957957828,9.915011820894752e-5,0.006016513555998262,0.005520429873850919,2852/8764/7940/7805/8379/3965/7305/374403/5777/2615/972/2268/3659/2213/10288/10859/3718/8832/5155/135/3133/3566/11326/10077/4846/11314/2302/3635/348/11006/114897/7128/5788/3123/1493/3559/54900/6693/634/1840/114757,41
GO:0018212,peptidyl-tyrosine modification,39/1943,206/18986,0.18932038834951456,1.849941787547032,4.141366605612615,1.1316393702893829e-4,0.006789602955173962,0.006229775207264513,2039/84619/10188/79643/916/9094/3689/2324/2185/2242/1436/5777/920/5159/3059/2268/3718/23624/5155/80725/57732/84630/3791/2321/11006/9370/5788/1464/1609/4739/9961/7535/6423/2041/83666/3643/3932/640/3479,39
GO:0043301,negative regulation of leukocyte degranulation,7/1943,13/18986,0.5384615384615384,5.261570133417792,5.189696875606304,1.1427101747838365e-4,0.006789602955173962,0.006229775207264513,3134/3965/6688/2213/8832/11314/634,7
GO:0045725,positive regulation of glycogen biosynthetic process,8/1943,17/18986,0.47058823529411764,4.598347007356725,5.011571880367741,1.2333180757216156e-4,0.007252418870016593,0.0066544302468669264,207/90673/3481/2645/3630/79660/3643/3479,8
GO:0071706,tumor necrosis factor superfamily cytokine production,37/1943,193/18986,0.19170984455958548,1.87329032877421,4.117256532400677,1.2829479965359325e-4,0.007391853911354504,0.006782368355956041,27202/2214/7538/83786/6376/3965/7305/5777/10417/2213/10865/64581/2621/6348/10859/58509/2212/3133/914/4776/6833/54/11006/101/9370/197358/7128/5788/54440/4282/1535/406932/6693/6363/4939/3479/1191,37
GO:1903555,regulation of tumor necrosis factor superfamily cytokine production,37/1943,193/18986,0.19170984455958548,1.87329032877421,4.117256532400677,1.2829479965359325e-4,0.007391853911354504,0.006782368355956041,27202/2214/7538/83786/6376/3965/7305/5777/10417/2213/10865/64581/2621/6348/10859/58509/2212/3133/914/4776/6833/54/11006/101/9370/197358/7128/5788/54440/4282/1535/406932/6693/6363/4939/3479/1191,37
GO:1903706,regulation of hemopoiesis,69/1943,433/18986,0.15935334872979215,1.5571192377683138,3.9596218323672923,1.3179843356831897e-4,0.007517782650736914,0.006897913807386125,222166/130733/10826/714/7538/7704/6988/1441/3965/6688/7305/2353/9580/3665/2185/2242/9840/5777/920/972/3059/115352/54681/3659/2213/26013/2621/6348/10288/28959/3122/10859/3561/3718/3575/81501/3566/914/2302/55365/3635/3726/56833/11006/101/8111/9370/5788/939/4739/6604/1960/3111/7535/150372/54440/3123/1493/11025/6886/3559/3662/634/51412/6363/1435/1840/4323/9935,69
GO:0007015,actin filament organization,73/1943,465/18986,0.15698924731182795,1.534018450572499,3.936581090231597,1.3742862580709791e-4,0.00776131565944244,0.007121366623375622,26258/84221/2039/10178/116985/79585/226/23580/84501/114822/11170/9026/9564/2006/653440/5296/134549/10458/50848/22899/6376/10013/10435/8557/10174/11346/374666/2185/57175/64780/6366/5881/3059/79767/822/85358/23221/51466/90952/5829/199/11151/79778/55160/10411/57477/10095/5880/1236/4542/64005/8153/4739/2934/201191/28984/57580/389/25802/7791/2041/51734/6710/5341/5345/57381/9037/6387/91663/7984/1901/11135/10083,73
GO:0001911,negative regulation of leukocyte mediated cytotoxicity,10/1943,26/18986,0.38461538461538464,3.7582643810127085,4.751952356294059,1.3992996186164806e-4,0.00782510296528275,0.007179894431126049,3134/3965/2213/2671/10859/3575/3133/3824/5788/634,10
GO:0036336,dendritic cell migration,11/1943,31/18986,0.3548387096774194,3.467301977321402,4.642051329557408,1.521609162656074e-4,0.008426464722126452,0.007731671698238119,6352/3965/6366/2621/56833/1236/1234/81704/240/6363/7984,11
GO:0032640,tumor necrosis factor production,36/1943,188/18986,0.19148936170212766,1.87113588331271,4.0530100846296655,1.609195789008124e-4,0.00874176455285937,0.008020973897692624,27202/2214/7538/83786/6376/3965/7305/5777/10417/2213/10865/64581/2621/6348/10859/58509/2212/3133/914/4776/6833/54/11006/9370/197358/7128/5788/54440/4282/1535/406932/6693/6363/4939/3479/1191,36
GO:0032680,regulation of tumor necrosis factor production,36/1943,188/18986,0.19148936170212766,1.87113588331271,4.0530100846296655,1.609195789008124e-4,0.00874176455285937,0.008020973897692624,27202/2214/7538/83786/6376/3965/7305/5777/10417/2213/10865/64581/2621/6348/10859/58509/2212/3133/914/4776/6833/54/11006/9370/197358/7128/5788/54440/4282/1535/406932/6693/6363/4939/3479/1191,36
GO:0001915,negative regulation of T cell mediated cytotoxicity,6/1943,10/18986,0.6,5.862892434379825,5.193510409388186,1.6630826128744106e-4,0.008865629181154803,0.008134625431590329,2213/10859/3575/3824/5788/634,6
GO:0045657,positive regulation of monocyte differentiation,6/1943,10/18986,0.6,5.862892434379825,5.193510409388186,1.6630826128744106e-4,0.008865629181154803,0.008134625431590329,2242/920/972/81501/3123/1435,6
GO:0045765,regulation of angiogenesis,59/1943,360/18986,0.1638888888888889,1.6014382112426373,3.8900138432428024,1.8415992670537746e-4,0.00972637242525438,0.00892439722786683,26523/27161/22846/25865/358/1003/374887/23166/6376/29924/339123/947/94/2185/10800/7075/5777/5371/7122/3687/7052/284361/2022/126393/4846/10411/1634/2828/728/6833/4881/3791/2321/7128/3373/8742/641700/28984/64218/6423/10365/2041/1512/634/187/64094/9510/240/958/6237/57381/9037/10266/90139/2246/3339/5054/1284/6678,59
GO:0006958,"complement activation, classical pathway",13/1943,42/18986,0.30952380952380953,3.0245080018626083,4.4348300271927155,1.9150089602054126e-4,0.010021294595423553,0.009195001979856407,3493/3500/3494/3502/3507/3503/713/3501/714/712/710/374383/1191,13
GO:0015833,peptide transport,47/1943,270/18986,0.17407407407407408,1.7009626198509369,3.916867693128624,1.982870599809699e-4,0.01026943058234957,0.009422678241574159,84300/80024/25874/2852/338557/79751/11194/5715/8398/358/65985/8938/6352/90007/415116/3767/51092/6927/972/2550/30835/27433/2645/55107/10411/10312/6833/8111/3630/3651/116/23457/5799/55512/3123/846/5798/111/51296/2696/240/640/7849/6890/114131/3170/2922,47
GO:1905523,positive regulation of macrophage migration,10/1943,27/18986,0.37037037037037035,3.6190694039381635,4.598221153075707,2.019576522853195e-4,0.01026943058234957,0.009422678241574159,6352/6376/5025/1436/6348/1240/728/5919/1435/4323,10
GO:1901342,regulation of vasculature development,60/1943,369/18986,0.16260162601626016,1.5888597383143157,3.856904400958825,2.0292371976401134e-4,0.01026943058234957,0.009422678241574159,26523/27161/22846/25865/358/1003/374887/23166/6376/29924/339123/947/94/2185/10800/7075/5777/5371/7122/3687/7052/284361/2022/126393/4846/10411/1634/2828/728/6833/4881/3791/2321/7128/3373/8742/641700/28984/64218/6423/10365/2041/1512/634/187/64094/9510/240/958/6237/57381/9037/6387/10266/90139/2246/3339/5054/1284/6678,60
GO:0002698,negative regulation of immune effector process,27/1943,128/18986,0.2109375,2.0611731214616573,4.067355092881508,2.034441893067148e-4,0.01026943058234957,0.009422678241574159,3134/3965/6688/5777/115352/710/2213/2671/10859/3718/3575/8832/3133/3566/11326/3824/11314/2302/56833/54/11006/2/5788/3630/684/6693/634,27
GO:0035767,endothelial cell chemotaxis,11/1943,32/18986,0.34375,3.358948790530108,4.50932713719483,2.1055841221800903e-4,0.010443697246013248,0.009582575977555524,3164/25865/5025/57175/5872/57449/3791/1960/64094/9037/2246,11
GO:0097205,renal filtration,11/1943,32/18986,0.34375,3.358948790530108,4.50932713719483,2.1055841221800903e-4,0.010443697246013248,0.009582575977555524,3493/3494/358/28912/947/2702/2621/4162/5155/54885/57156,11
GO:0050672,negative regulation of lymphocyte proliferation,21/1943,90/18986,0.23333333333333334,2.280013724481043,4.109789893836843,2.368550898447114e-4,0.011646736486846842,0.010686420206060846,8764/7940/8379/3965/7305/5777/2615/2213/10288/10859/3133/11326/10077/11314/2302/3635/11006/3123/1493/3559/6693,21
GO:0002444,myeloid leukocyte mediated immunity,25/1943,116/18986,0.21551724137931033,2.1059240066019487,4.034010358775028,2.4282862191413776e-4,0.011838414182890954,0.01086229337073408,55904/8509/3500/2214/3965/6688/3689/7305/2242/10417/2268/2213/6348/6813/5730/2212/8832/3133/3566/11314/5880/201294/8673/10814/2922,25
GO:0030199,collagen fibril organization,18/1943,72/18986,0.25,2.4428718476582603,4.141627109801612,2.6106362123735124e-4,0.012619549962185183,0.011579021630616505,63894/79709/23127/2331/7148/340267/1281/50509/6423/30008/80781/1291/165/1278/5345/9509/1277/140766,18
GO:0007264,small GTPase-mediated signal transduction,75/1943,491/18986,0.15274949083503056,1.4925897236201184,3.733942317725888,2.6560267270616273e-4,0.012731072648033212,0.01168134886063725,64283/8216/116985/55738/27352/5900/23580/10188/5662/201163/89941/201176/397/28988/50848/22899/10435/221472/57139/9266/23550/5364/115557/10044/64787/5881/27128/266747/10750/23221/393/115703/199/7052/53916/55160/100271927/4924/10411/6494/9046/23263/10156/2828/57449/64926/9754/348/221178/5880/1281/8153/9170/152273/10235/57572/115727/50861/57580/389/9423/440073/10900/25780/55200/81704/1278/6237/57381/1435/58504/50649/7984/11135/3479,75
GO:0070229,negative regulation of lymphocyte apoptotic process,12/1943,38/18986,0.3157894736842105,3.085732860199908,4.345477171191549,2.723641139589556e-4,0.012946374216849021,0.011878898022841467,94103/26155/6352/1831/972/3718/3575/6482/6097/939/4282/81704,12
GO:0043304,regulation of mast cell degranulation,10/1943,28/18986,0.35714285714285715,3.4898169252260867,4.451627843247105,2.855129656314947e-4,0.013459222776545833,0.012349460331620632,3965/2242/2268/6813/8832/3566/11314/5880/201294/8673,10
GO:0071692,protein localization to extracellular region,61/1943,382/18986,0.15968586387434555,1.5603684053105118,3.7356900528057153,2.9701219973751796e-4,0.013886537600842644,0.012741541476228985,84300/26258/79613/128989/51030/80024/25874/2852/201158/340307/780776/375387/441294/79751/4681/5715/8398/65985/9746/8938/6352/322/10307/90007/63941/415116/3767/51092/6927/2615/79792/9619/5551/2645/135/55107/10411/10312/6833/79651/348/101/57333/8111/3630/3651/116/5799/3123/846/5798/93145/111/43/2696/5341/240/640/3479/114131/3170,61
GO:0070228,regulation of lymphocyte apoptotic process,16/1943,61/18986,0.26229508196721313,2.563013086067683,4.128366702283322,3.1407565597462296e-4,0.01456493936324593,0.013364006516951864,94103/25865/26155/6352/3965/155038/1831/972/3718/3575/6482/6097/101/939/4282/81704,16
GO:0060263,regulation of respiratory burst,8/1943,19/18986,0.42105263157894735,4.114310480266544,4.5857256078876985,3.1786765389001836e-4,0.014621912078940844,0.013416281622590589,3493/3494/10811/64581/56833/5880/3630/3643,8
GO:0032945,negative regulation of mononuclear cell proliferation,21/1943,92/18986,0.22826086956521738,2.2304482087314548,3.9945142571127934,3.26785781680599e-4,0.014911888789649093,0.013682348686450007,8764/7940/8379/3965/7305/5777/2615/2213/10288/10859/3133/11326/10077/11314/2302/3635/11006/3123/1493/3559/6693,21
GO:0010906,regulation of glucose metabolic process,23/1943,105/18986,0.21904761904761905,2.1404210474719996,3.9565445161232304,3.3013326569158655e-4,0.01494508053575246,0.013712803650948775,207/90673/51547/90007/4485/3481/2645/6097/2875/3486/114897/9370/1609/3630/3487/2784/7033/79660/3643/4837/3479/150094/5166,23
GO:0002604,regulation of dendritic cell antigen processing and presentation,6/1943,11/18986,0.5454545454545454,5.329902213072568,4.850117026578333,3.3412948137618827e-4,0.015006886313147857,0.013769513314566167,6366/972/2213/6556/1236/6363,6
GO:0070664,negative regulation of leukocyte proliferation,22/1943,99/18986,0.2222222222222222,2.171441642362898,3.9457125613187705,3.562414852538948e-4,0.015875011186626688,0.014566058097716817,8764/7940/8379/3965/7305/5777/2615/2213/10288/10859/3133/11326/10077/11314/2302/3635/11006/7128/3123/1493/3559/6693,22
GO:0002448,mast cell mediated immunity,15/1943,56/18986,0.26785714285714285,2.6173626939195644,4.09255766112021,3.7476097339954453e-4,0.016570826296674435,0.015204500691493558,8509/3965/2242/10417/2268/6813/5730/8832/3566/11314/5880/201294/8673/10814/2922,15
GO:0002407,dendritic cell chemotaxis,9/1943,24/18986,0.375,3.664307771487391,4.409776922387862,3.7813413288128315e-4,0.01659136226119107,0.015223343390167935,6352/3965/6366/2621/56833/1236/1234/6363/7984,9
GO:0050864,regulation of B cell activation,27/1943,133/18986,0.20300751879699247,1.9836854101285122,3.843797463085337,3.898936147534298e-4,0.01697674182101957,0.015576946987175997,56941/9473/51237/7805/6688/7305/374403/5777/972/6778/115352/2213/3561/11314/2302/3635/56833/8741/7128/5788/939/150372/54440/1493/4282/958/4323,27
GO:0022604,regulation of cell morphogenesis,43/1943,248/18986,0.17338709677419356,1.6942498298275033,3.7157688027711813,3.949138911631706e-4,0.016987287367368667,0.015586623014423307,85369/192670/57464/2039/116985/29882/226/23580/7940/10458/50848/10013/3679/10435/54751/3689/221472/5364/2185/2242/57175/1436/161176/5881/2268/64098/6348/11151/816/3791/57699/57465/152273/64218/79784/1364/84258/1365/57381/3249/7694/11135/6678,43
GO:0031342,negative regulation of cell killing,10/1943,29/18986,0.3448275862068966,3.369478410563118,4.31157186151618,3.960920792180983e-4,0.016987287367368667,0.015586623014423307,3134/3965/2213/2671/10859/3575/3133/3824/5788/634,10
GO:0002697,regulation of immune effector process,64/1943,410/18986,0.15609756097560976,1.525305348781743,3.630749858570595,4.0329891015515617e-4,0.01716729092182844,0.015751784613444123,56941/51237/8764/3134/7805/3965/6688/3689/7305/84861/7133/2242/5777/10417/972/6778/115352/2268/710/2213/10865/64581/2671/3122/10859/6813/3718/3575/8832/79132/3133/3566/11326/3824/3109/11314/2302/3726/56833/54/11006/2/114836/5880/8741/5788/201294/3554/911/3630/9516/115727/54440/3123/684/4282/3663/6693/3383/3662/634/958/6363/8673,64
GO:0070374,positive regulation of ERK1 and ERK2 cascade,36/1943,197/18986,0.18274111675126903,1.7856525180852258,3.7426607760755273,4.1357064248558094e-4,0.017474125516575956,0.016033319566770437,7936/222166/2852/338557/57007/5609/25865/6376/3965/2324/2185/1436/920/6366/972/10268/59/5159/2621/10347/6348/5155/728/3791/348/1236/5788/116/3123/846/4282/3383/5345/6363/2246/3479,36
GO:0043491,phosphatidylinositol 3-kinase/protein kinase B signal transduction,52/1943,317/18986,0.1640378548895899,1.6028938306401206,3.6549262837072405,4.211884073034455e-4,0.0176651373180798,0.0162085817423586,2852/207/201163/51547/2214/5296/6352/6376/4150/5025/222950/5364/2185/1436/5777/6366/10268/5159/3059/2268/2621/6348/3481/23533/375033/2022/5155/10411/1634/3791/2321/101/57333/1292/114897/197358/1236/3630/55512/55615/56917/1291/634/3643/958/4915/6237/6363/9037/1293/219699/3479,52
GO:0002285,lymphocyte activation involved in immune response,40/1943,227/18986,0.1762114537444934,1.7218479983494348,3.694218020401458,4.4292473481289416e-4,0.01838941587381497,0.016873140865986572,56941/4297/2214/3134/3965/7305/26022/2185/972/6778/2213/6556/3122/10859/11151/3718/6482/5450/4818/3683/2207/3566/3109/6097/3726/114836/8741/5788/201294/911/4063/64218/3123/6693/3383/3662/634/3394/958/6363,40
GO:0051250,negative regulation of lymphocyte activation,32/1943,169/18986,0.1893491124260355,1.850222464498564,3.748602707816277,4.44905222753588e-4,0.01838941587381497,0.016873140865986572,8764/7940/7805/8379/3965/7305/374403/5777/2615/972/2268/3659/2213/10288/10859/3718/135/3133/3566/11326/10077/11314/2302/3635/11006/7128/3123/1493/3559/54900/6693/1840,32
GO:0002886,regulation of myeloid leukocyte mediated immunity,15/1943,57/18986,0.2631578947368421,2.57144405016659,4.011817737873175,4.610901823226226e-4,0.018862328534785786,0.017307060137845085,3965/6688/3689/7305/2242/2268/2213/6813/8832/3133/3566/11314/5880/201294/8673,15
GO:0042060,wound healing,68/1943,444/18986,0.15315315315315314,1.4965341048717269,3.574628877483628,4.6613648430314606e-4,0.018862328534785786,0.017307060137845085,26258/55330/349633/2039/5119/8525/646960/27183/4855/79643/358/3043/7450/50848/6376/947/401720/50506/94/57175/5777/58189/710/6556/64581/2621/10398/4162/375033/2022/5155/135/2207/10077/4846/954/2828/2162/1465/3791/348/5639/114897/1281/7128/1609/3630/977/9002/1364/389/1365/5265/634/5341/64094/240/958/5345/5493/3932/2812/2246/3479/53905/253970/5054/3170,68
GO:0010720,positive regulation of cell development,70/1943,460/18986,0.15217391304347827,1.4869654724876369,3.5698908227030084,4.662672376235617e-4,0.018862328534785786,0.017307060137845085,2852/745/9148/26011/22933/29882/5605/1003/7704/10458/50848/118813/6376/10013/3965/6688/7305/2353/9580/7133/5364/2242/10800/9840/79006/920/7122/972/9294/3059/64581/2621/85358/10288/3122/3561/7052/3575/4135/816/81501/3566/84630/3635/11006/101/8111/9370/5788/939/57465/8153/4739/6604/1960/7535/54440/3123/9423/6692/3559/51412/4915/6363/9037/6387/1435/176/429/4323,70
GO:0070875,positive regulation of glycogen metabolic process,8/1943,20/18986,0.4,3.908594956253217,4.394192216136244,4.824530859870036e-4,0.019379664806125834,0.0177817401299287,207/90673/3481/2645/3630/79660/3643/3479,8
GO:0002703,regulation of leukocyte mediated immunity,44/1943,258/18986,0.17054263565891473,1.6664552139064102,3.6391822169119257,4.903091301517862e-4,0.019557505443257264,0.017944917152113958,56941/3134/3965/6688/3689/7305/84861/7133/2242/5777/6778/2268/2213/10865/64581/2671/3122/10859/6813/3718/3575/8832/3133/3566/3824/11314/2302/11006/114836/5880/8741/5788/201294/3554/911/115727/54440/3123/684/6693/3383/634/958/8673,44
GO:0035592,establishment of protein localization to extracellular region,59/1943,374/18986,0.15775401069518716,1.5414913263298113,3.571079039582526,5.077069893894396e-4,0.01994212196135037,0.01829782062298554,84300/26258/79613/128989/51030/80024/25874/2852/201158/340307/780776/441294/79751/5715/8398/65985/9746/8938/6352/322/10307/90007/63941/415116/3767/51092/6927/2615/79792/9619/5551/2645/135/55107/10411/10312/6833/79651/348/101/57333/8111/3630/3651/116/5799/3123/846/5798/93145/111/43/2696/5341/240/640/3479/114131/3170,59
GO:0051897,positive regulation of phosphatidylinositol 3-kinase/protein kinase B signal transduction,35/1943,192/18986,0.18229166666666666,1.7812607222508148,3.6737167881855677,5.173312362772835e-4,0.01994212196135037,0.01829782062298554,2852/6352/6376/4150/5025/5364/2185/1436/5777/6366/10268/5159/3059/2268/2621/6348/3481/23533/2022/5155/1634/3791/2321/101/114897/1236/3630/55615/56917/3643/4915/6363/9037/219699/3479,35
GO:1904018,positive regulation of vasculature development,35/1943,192/18986,0.18229166666666666,1.7812607222508148,3.6737167881855677,5.173312362772835e-4,0.01994212196135037,0.01829782062298554,27161/25865/358/1003/6376/339123/947/94/2185/10800/7075/3687/7052/284361/2022/126393/4846/10411/728/3791/2321/3373/8742/6423/2041/1512/187/64094/958/6237/9037/6387/10266/2246/5054,35
GO:0097028,dendritic cell differentiation,13/1943,46/18986,0.2826086956521739,2.761507306048468,4.0387042959321935,5.174323370055846e-4,0.01994212196135037,0.01829782062298554,3965/4055/2213/2621/10288/28959/10859/81501/55365/1236/3662/3394/6363,13
GO:1905521,regulation of macrophage migration,13/1943,46/18986,0.2826086956521739,2.761507306048468,4.0387042959321935,5.174323370055846e-4,0.01994212196135037,0.01829782062298554,6352/6376/5025/2185/1436/6348/1240/728/5919/56833/4282/1435/4323,13
GO:0050777,negative regulation of immune response,37/1943,207/18986,0.178743961352657,1.7465943645092876,3.6467192387620297,5.382700850239574e-4,0.020605990368970827,0.018906950637507,8764/60343/3134/3965/6688/5777/6778/2268/710/2213/2671/10859/3718/58509/3575/79132/3133/3566/11326/9173/3824/11314/2302/79651/3635/56833/11006/2/197358/1281/84166/7128/5788/3630/3123/6693/634,37
GO:0046634,regulation of alpha-beta T cell activation,25/1943,122/18986,0.20491803278688525,2.0023539734903775,3.7501860745157582,5.437710386916156e-4,0.02067780003131317,0.018972839328945355,7297/8764/7704/916/3965/3659/3122/10859/3561/3718/135/3133/3566/9479/11314/64926/3726/11006/5788/7535/54440/3123/3559/3662/6363,25
GO:0050854,regulation of antigen receptor-mediated signaling pathway,17/1943,70/18986,0.24285714285714285,2.3730755091537388,3.8859523175655704,5.512406494732288e-4,0.020686030688126956,0.018980391337817825,257144/8525/8517/25865/7805/9840/5777/7070/115352/2213/11314/11006/1236/5788/150372/634/3932,17
GO:2000401,regulation of lymphocyte migration,17/1943,70/18986,0.24285714285714285,2.3730755091537388,3.8859523175655704,5.512406494732288e-4,0.020686030688126956,0.018980391337817825,80024/257144/207/8764/6352/2185/6366/6348/199/11151/101/6351/4739/6693/8740/81704/6387,17
GO:0002286,T cell activation involved in immune response,27/1943,136/18986,0.19852941176470587,1.9399276437286186,3.7142991467837785,5.630995774539424e-4,0.02099294110978619,0.019261995865847963,4297/3965/7305/26022/972/6778/2213/6556/3122/10859/3718/3683/2207/3566/3109/6097/3726/114836/911/4063/64218/3123/6693/3383/3662/634/6363,27
GO:0001771,immunological synapse formation,7/1943,16/18986,0.4375,4.2750257334019555,4.424963795630807,5.773704010528253e-4,0.021385199789644906,0.019621911374126094,6366/5551/923/1236/4739/81704/6363,7
GO:0043410,positive regulation of MAPK cascade,71/1943,472/18986,0.1504237288135593,1.469863569353699,3.4902884666549054,5.939429297331784e-4,0.021857099814180964,0.020054901505150175,7936/222166/2852/338557/57007/10178/8558/100133941/4296/5609/25865/7805/23542/6376/3965/6688/9618/2324/10174/2185/1436/920/6366/972/4055/23162/10268/59/5159/115352/5606/2213/2621/10347/6348/3481/23533/222643/5155/9479/9046/728/8822/3791/348/3486/2321/101/114897/1236/5788/939/1464/9170/3630/3487/116/10912/3123/846/4616/4282/3383/3643/958/4915/5345/6363/2246/7984/3479,71
GO:0007162,negative regulation of cell adhesion,51/1943,314/18986,0.1624203821656051,1.5870887163130099,3.541945033125327,6.013587873932338e-4,0.021897405504803267,0.020091883843264532,349633/2039/207/8764/11170/4855/7805/8379/6376/3965/6688/94/5364/5777/6366/2615/972/3659/10288/4155/10859/3718/135/3133/3566/11326/10077/6494/11314/2302/11006/114897/9370/5788/28984/3123/1493/3559/54900/6693/634/9037/6387/1840/91663/3339/10631/1366/5054/4323/1277,51
GO:0045619,regulation of lymphocyte differentiation,39/1943,223/18986,0.17488789237668162,1.708914835133133,3.5955392665644426,6.036688935578708e-4,0.021897405504803267,0.020091883843264532,7704/3965/6688/9580/9840/5777/972/115352/3659/2621/10288/3122/3561/3718/3575/3566/914/2302/3635/3726/56833/11006/101/5788/939/6604/1960/3111/7535/150372/54440/3123/1493/3559/3662/51412/6363/1840/4323,39
GO:0035771,interleukin-4-mediated signaling pathway,6/1943,12/18986,0.5,4.8857436953165205,4.546257232513088,6.103940174024754e-4,0.021897405504803267,0.020091883843264532,6778/3561/3718/3566/5788/958,6
GO:0045060,negative thymic T cell selection,6/1943,12/18986,0.5,4.8857436953165205,4.546257232513088,6.103940174024754e-4,0.021897405504803267,0.020091883843264532,916/972/1236/5788/7535/6693,6
GO:0009615,response to virus,65/1943,425/18986,0.15294117647058825,1.4944627773909358,3.4809361937374117,6.376977356100376e-4,0.02273392427449784,0.020859428562191494,54920/51251/10542/163702/7297/389856/8517/10868/79798/6352/3965/50506/3669/3665/5371/10417/3687/4283/59/6895/5600/2268/3659/60489/653082/5551/3429/29800/10859/10379/79132/140564/200315/5450/10060/10077/10346/10581/84166/7128/5788/6351/57705/8519/201294/81030/10410/3373/6039/684/1755/2537/3663/6693/83666/4599/958/115362/6363/6387/10964/8673/4939/4600/1191,65
GO:0048247,lymphocyte chemotaxis,13/1943,47/18986,0.2765957446808511,2.7027518314516925,3.9463031310081536,6.490691403197117e-4,0.02299559239989836,0.02109952118777121,80024/6352/6376/2185/6366/692094/2621/6348/101/6351/4739/8740/6387,13
GO:0030224,monocyte differentiation,11/1943,36/18986,0.3055555555555556,2.9857322582489854,4.026577044132299,6.674159637561919e-4,0.02349963368682295,0.02156200241582707,3665/2242/1436/920/972/81501/3635/8111/3123/5153/1435,11
GO:1902107,positive regulation of leukocyte differentiation,35/1943,195/18986,0.1794871794871795,1.753856711139264,3.572727097338253,6.932931217070933e-4,0.024113072964739392,0.02212486136795679,7704/3965/6688/7305/2353/9580/2242/9840/920/972/3059/2621/10288/3122/3561/3575/81501/3566/3635/11006/101/8111/5788/939/4739/6604/1960/7535/54440/3123/3559/51412/6363/1435/4323,35
GO:1903708,positive regulation of hemopoiesis,35/1943,195/18986,0.1794871794871795,1.753856711139264,3.572727097338253,6.932931217070933e-4,0.024113072964739392,0.02212486136795679,7704/3965/6688/7305/2353/9580/2242/9840/920/972/3059/2621/10288/3122/3561/3575/81501/3566/3635/11006/101/8111/5788/939/4739/6604/1960/7535/54440/3123/3559/51412/6363/1435/4323,35
GO:0009306,protein secretion,58/1943,371/18986,0.15633423180592992,1.5276179748159473,3.46532280133778,7.075802253070593e-4,0.024460833970614947,0.02244394819921339,84300/26258/79613/128989/51030/80024/25874/2852/201158/340307/780776/441294/79751/5715/8398/65985/9746/8938/6352/322/10307/90007/63941/415116/3767/51092/6927/79792/9619/5551/2645/135/55107/10411/10312/6833/79651/348/101/57333/8111/3630/3651/116/5799/3123/846/5798/93145/111/43/2696/5341/240/640/3479/114131/3170,58
GO:0070232,regulation of T cell apoptotic process,12/1943,42/18986,0.2857142857142857,2.791853540180869,3.925183736994177,7.55614828614606e-4,0.025964017966371763,0.0238231891431314,25865/6352/3965/155038/1831/3718/3575/6482/6097/101/939/81704,12
GO:0002695,negative regulation of leukocyte activation,35/1943,196/18986,0.17857142857142858,1.7449084626130433,3.53945367695912,7.626798001746211e-4,0.02604985377362897,0.023901947472223236,2852/8764/7940/7805/8379/3965/7305/374403/5777/2615/972/2268/3659/2213/10288/10859/3718/8832/135/3133/3566/11326/10077/11314/2302/3635/11006/7128/5788/3123/1493/3559/54900/6693/1840,35
GO:0045766,positive regulation of angiogenesis,34/1943,189/18986,0.17989417989417988,1.757833710484251,3.5353240720747103,7.867472951200499e-4,0.026711943877171216,0.024509445810381506,27161/25865/358/1003/6376/339123/947/94/2185/10800/7075/3687/7052/284361/2022/126393/4846/10411/728/3791/2321/3373/8742/6423/2041/1512/187/64094/958/6237/9037/10266/2246/5054,34
GO:0006959,humoral immune response,50/1943,310/18986,0.16129032258064516,1.5760463533279099,3.452749133811509,7.935895297016176e-4,0.026784820576438023,0.024576313557623432,3493/3500/3494/3502/3507/60343/3503/713/3501/8398/714/712/6352/28912/6376/5777/4069/6366/10417/4283/710/10578/2213/6556/6348/27433/3133/5450/11326/5919/2302/2/1236/5699/5788/6351/6362/28984/6039/3123/1755/10406/374383/240/6590/6363/6387/6480/3119/1191,50
GO:0031295,T cell costimulation,13/1943,48/18986,0.2708333333333333,2.646444501629782,3.8562869056867934,8.078246760860973e-4,0.027104893837618233,0.024869995600619664,100133941/207/8764/916/5777/6366/10288/11006/1236/6693/8740/6363/3932,13
GO:1903557,positive regulation of tumor necrosis factor superfamily cytokine production,23/1943,112/18986,0.20535714285714285,2.006644732005,3.60762958799276,8.619667103677561e-4,0.028752386642910417,0.02638164656170196,2214/83786/3965/7305/10417/2213/10865/64581/6348/2212/3133/914/4776/6833/101/5788/54440/4282/1535/6693/6363/4939/1191,23
GO:0110053,regulation of actin filament organization,45/1943,273/18986,0.16483516483516483,1.6106847347197322,3.4315897176214536,8.941162120272487e-4,0.02942617173452107,0.0269998755931274,2039/10178/116985/23580/114822/9026/2006/653440/5296/10458/50848/22899/6376/10435/10174/11346/374666/2185/57175/6366/3059/822/85358/51466/90952/5829/11151/55160/10411/1236/2934/28984/57580/389/25802/2041/6710/5341/5345/9037/6387/91663/7984/1901/11135,45
GO:0072224,metanephric glomerulus development,7/1943,17/18986,0.4117647058823529,4.023553631437134,4.211032545531241,8.951974164892902e-4,0.02942617173452107,0.0269998755931274,358/947/5159/5155/9370/6943/1958,7
GO:0046632,alpha-beta T cell differentiation,26/1943,133/18986,0.19548872180451127,1.9102155801237524,3.5567106126778354,8.976426861512388e-4,0.02942617173452107,0.0269998755931274,4297/1514/79798/7704/3965/26022/6778/3659/3122/3561/3718/2355/3702/3566/6097/3726/11006/114836/4063/64218/7535/54440/3123/6693/3662/6363,26
GO:0001562,response to protozoan,10/1943,32/18986,0.3125,3.0535898095728253,3.9256080056288583,9.585560991685093e-4,0.03124345136946958,0.028667313834982423,115361/6556/64581/4818/3566/10077/6693/3662/3394/958,10
GO:0006956,complement activation,16/1943,67/18986,0.23880597014925373,2.3334895261213235,3.6918717056079293,9.647764029334612e-4,0.03125217856083245,0.028675321437303267,3493/3500/3494/3502/3507/3503/713/3501/714/712/710/11326/2/28984/374383/1191,16
GO:0032956,regulation of actin cytoskeleton organization,55/1943,352/18986,0.15625,1.5267949047864127,3.3684377898262756,9.697818382306002e-4,0.03125217856083245,0.028675321437303267,440335/2039/10178/8558/116985/23580/114822/11170/9026/2006/653440/5296/10458/50848/22899/6376/10435/10174/11346/374666/2185/57175/1436/6366/5881/5159/3059/27237/822/85358/51466/90952/5829/11151/55160/10411/1236/8153/4739/2934/28984/684/57580/389/25802/2041/6710/5341/5345/9037/6387/91663/7984/1901/11135,55
GO:0031294,lymphocyte costimulation,13/1943,49/18986,0.2653061224489796,2.5924354301679498,3.7685385405271865,9.979267039183027e-4,0.03179985429692737,0.029177839293630117,100133941/207/8764/916/5777/6366/10288/11006/1236/6693/8740/6363/3932,13
GO:0050856,regulation of T cell receptor signaling pathway,13/1943,49/18986,0.2653061224489796,2.5924354301679498,3.7685385405271865,9.979267039183027e-4,0.03179985429692737,0.029177839293630117,8525/8517/25865/7805/9840/5777/7070/11314/11006/1236/5788/634/3932,13
GO:0045055,regulated exocytosis,39/1943,229/18986,0.1703056768558952,1.6641397739506054,3.4140055360208246,0.0010197671575497298,0.03210491139460258,0.02945774331105854,26258/54586/2214/3134/51150/8938/112476/9545/3965/6688/3689/2242/6855/64780/2268/6861/192683/2213/6348/6813/84446/5730/11151/8832/4818/3566/11314/25837/5880/201294/2901/84258/634/5341/8673/90139/261729/10814/2922,39
GO:0000244,spliceosomal tri-snRNP complex assembly,9/1943,27/18986,0.3333333333333333,3.257162463544347,3.9628320540844815,0.0010210503026111474,0.03210491139460258,0.02945774331105854,25980/101954271/101954275/26835/26834/26832/10078/26831/26827,9
GO:0002357,defense response to tumor cell,6/1943,13/18986,0.46153846153846156,4.50991725721525,4.274341628351385,0.0010356423030516962,0.03210491139460258,0.02945774331105854,7805/51225/6688/5551/9940/1612,6
GO:0043383,negative T cell selection,6/1943,13/18986,0.46153846153846156,4.50991725721525,4.274341628351385,0.0010356423030516962,0.03210491139460258,0.02945774331105854,916/972/1236/5788/7535/6693,6
GO:2001198,regulation of dendritic cell differentiation,6/1943,13/18986,0.46153846153846156,4.50991725721525,4.274341628351385,0.0010356423030516962,0.03210491139460258,0.02945774331105854,3965/2213/10288/28959/10859/55365,6
GO:0002791,regulation of peptide secretion,36/1943,207/18986,0.17391304347826086,1.6993891114144422,3.416146503666783,0.0010626928452761527,0.03241497320564265,0.029742239384818642,84300/80024/25874/2852/338557/79751/5715/8398/65985/8938/6352/90007/415116/3767/51092/972/2550/2645/55107/10411/10312/6833/8111/3630/3651/116/3123/846/111/2696/240/640/7849/114131/3170/2922,36
GO:0022408,negative regulation of cell-cell adhesion,36/1943,207/18986,0.17391304347826086,1.6993891114144422,3.416146503666783,0.0010626928452761527,0.03241497320564265,0.029742239384818642,207/8764/4855/7805/8379/3965/6688/5777/6366/2615/972/3659/10288/4155/10859/3718/135/3133/3566/11326/10077/11314/2302/11006/114897/9370/28984/3123/1493/3559/54900/6693/634/6387/1840/91663,36
GO:0090087,regulation of peptide transport,36/1943,207/18986,0.17391304347826086,1.6993891114144422,3.416146503666783,0.0010626928452761527,0.03241497320564265,0.029742239384818642,84300/80024/25874/2852/338557/79751/5715/8398/65985/8938/6352/90007/415116/3767/51092/972/2550/2645/55107/10411/10312/6833/8111/3630/3651/116/3123/846/111/2696/240/640/7849/114131/3170/2922,36
GO:0034341,response to type II interferon,24/1943,121/18986,0.19834710743801653,1.9381462592991159,3.4954533516935062,0.0011248220936936036,0.03412758097036338,0.03131363633731577,7297/23580/6352/3965/10435/972/115361/3659/6556/6348/3113/199/10581/84166/8519/10410/2934/684/7791/83666/3394/958/115362/1612,24
GO:0042113,B cell activation,46/1943,284/18986,0.1619718309859155,1.5827057041166195,3.340666270314394,0.0011489850230236064,0.03467624640913572,0.031817062291692406,56941/9473/51237/3507/5296/10014/7805/83416/6688/7305/2185/8227/374403/5777/972/6778/115352/2213/3561/3718/3575/2355/6482/5450/11314/2302/10312/3635/56833/23308/8741/7128/5788/939/7535/150372/54440/643/1493/684/4282/54900/3394/958/1503/4323,46
GO:0002279,mast cell activation involved in immune response,14/1943,56/18986,0.25,2.4428718476582603,3.651027846968602,0.001221941857232542,0.03668398080870747,0.03365925160199556,3965/2242/5777/2268/6813/5730/8832/3566/11314/5880/201294/8673/10814/2922,14
GO:0032760,positive regulation of tumor necrosis factor production,22/1943,108/18986,0.2037037037037037,1.99048817216599,3.485393843371703,0.001234656836638125,0.0368716366292349,0.03383143450958809,2214/83786/3965/7305/10417/2213/10865/64581/6348/2212/3133/914/4776/6833/5788/54440/4282/1535/6693/6363/4939/1191,22
GO:0005996,monosaccharide metabolic process,43/1943,262/18986,0.16412213740458015,1.6037173961725986,3.3224136221107723,0.0012532057413650818,0.037230653899720974,0.03416084948501747,282969/283450/4123/221927/207/226/90673/51547/5224/340990/2548/200186/9746/90007/2542/3767/2026/23324/5372/4485/3481/2645/6097/2875/9563/3486/114897/9370/1609/3630/3487/3651/2784/477/6515/7033/79660/3643/390637/4837/3479/150094/5166,43
GO:0001894,tissue homeostasis,44/1943,270/18986,0.16296296296296298,1.592390537732792,3.3101841571153856,0.0012820719801665851,0.037695559664279385,0.03458742205853641,1620/4297/12/9696/1003/50848/9545/947/5025/2185/1436/7122/5881/3587/4155/90952/11151/2355/261734/81501/4846/338773/10312/6833/3635/54/101/5880/1281/7128/51599/645811/54440/9079/1365/7033/4588/368/1435/1901/4583/5166/10083/4585,44
GO:0060249,anatomical structure homeostasis,44/1943,270/18986,0.16296296296296298,1.592390537732792,3.3101841571153856,0.0012820719801665851,0.037695559664279385,0.03458742205853641,1620/4297/12/9696/1003/50848/9545/947/5025/2185/1436/7122/5881/3587/4155/90952/11151/2355/261734/81501/4846/338773/10312/6833/3635/54/101/5880/1281/7128/51599/645811/54440/9079/1365/7033/4588/368/1435/1901/4583/5166/10083/4585,44
GO:0006816,calcium ion transport,66/1943,445/18986,0.14831460674157304,1.4492543096219794,3.2379814730241203,0.0013121729272141994,0.03838274039399894,0.035217942208415655,221154/63933/80024/91689/2852/286097/80228/8996/6352/6376/5025/2185/10800/5777/920/7070/5371/489/6366/2701/10268/4283/5159/115352/2621/2946/6348/10288/10859/27433/11151/8832/816/2645/5155/135/4846/5330/1236/5788/6351/3603/54836/9002/477/846/1535/1234/5664/6547/775/338440/187/140738/41/6363/3932/6387/10266/4842/774/2812/59283/1261/9254/10267,66
GO:0045576,mast cell activation,16/1943,69/18986,0.2318840579710145,2.265852148552589,3.5567232637769637,0.0013499398532574583,0.0392860047090844,0.03604672905690699,3965/2242/5777/10397/2268/3937/6813/5730/8832/3566/11314/5880/201294/8673/10814/2922,16
GO:0001909,leukocyte mediated cytotoxicity,28/1943,151/18986,0.18543046357615894,1.8119314366736767,3.3821564830023814,0.0013661858599351828,0.03945159285671776,0.03619866385243978,3500/2214/3134/3965/6688/7305/5777/2213/2671/5551/3122/10859/6813/11151/3575/2212/3133/4818/3824/914/114836/5788/201294/911/3123/1512/3383/634,28
GO:0010758,regulation of macrophage chemotaxis,9/1943,28/18986,0.32142857142857145,3.140835232703478,3.827671678648346,0.001369462725390974,0.03945159285671776,0.03619866385243978,6352/2185/1436/1240/728/5919/56833/4282/1435,9
GO:0045621,positive regulation of lymphocyte differentiation,26/1943,137/18986,0.1897810218978102,1.8544428624559055,3.388970837306886,0.0014095482435040046,0.040402327542446444,0.03707100696483422,7704/3965/6688/9580/9840/972/2621/10288/3122/3561/3575/3566/3635/11006/101/5788/939/6604/1960/7535/54440/3123/3559/51412/6363/4323,26
GO:0060143,positive regulation of syncytium formation by plasma membrane fusion,8/1943,23/18986,0.34782608695652173,3.3987782228288843,3.8865939651467314,0.0014194453918514895,0.04048258257560448,0.037144644675187403,7305/4283/81501/3566/10411/30846/8740/963,8
GO:0072678,T cell migration,17/1943,76/18986,0.2236842105263158,2.1857274426416016,3.4971525897979667,0.0014813514085707186,0.041900558650626994,0.03844570340498218,8764/6352/50848/6366/6348/199/11151/3683/101/64005/7535/6693/3383/8740/81704/6387/1901,17
GO:0042311,vasodilation,13/1943,51/18986,0.2549019607843137,2.4907712956515593,3.5994167581630103,0.0014912015087793268,0.041900558650626994,0.03844570340498218,26258/2852/2702/3779/135/10060/4846/348/3630/846/10365/4842/624,13
GO:0046596,regulation of viral entry into host cell,13/1943,51/18986,0.2549019607843137,2.4907712956515593,3.5994167581630103,0.0014912015087793268,0.041900558650626994,0.03844570340498218,729974/3965/920/972/4061/10346/10581/8519/10410/2934/3123/56649/7113,13
GO:0002790,peptide secretion,42/1943,257/18986,0.16342412451361868,1.5968967720100693,3.25294841353547,0.001541520976634173,0.043102135542751586,0.03954820586081067,84300/80024/25874/2852/338557/79751/5715/8398/358/65985/8938/6352/90007/415116/3767/51092/6927/972/2550/27433/2645/55107/10411/10312/6833/8111/3630/3651/116/5799/55512/3123/846/5798/111/2696/240/640/7849/114131/3170/2922,42
GO:0090276,regulation of peptide hormone secretion,35/1943,204/18986,0.1715686274509804,1.676480679765473,3.279957696042226,0.0015750543858569905,0.04382492788745499,0.040211401316975384,84300/80024/25874/2852/338557/79751/5715/8398/65985/8938/6352/90007/415116/3767/51092/2550/2645/55107/10411/10312/6833/8111/3630/3651/116/3123/846/111/2696/240/640/7849/114131/3170/2922,35
GO:0042886,amide transport,51/1943,328/18986,0.15548780487804878,1.5193471247630645,3.2035446993816876,0.0016158732521207146,0.04455905554449172,0.04088499744726007,84300/80024/25874/2852/338557/79751/11194/113235/5715/8398/358/65985/8938/6352/90007/376497/415116/3767/51092/6927/972/2550/30835/27433/2645/55107/2350/10411/10312/6833/8111/3630/3651/116/23457/5799/55512/3123/846/5798/111/51296/2696/240/8170/640/7849/6890/114131/3170/2922,51
GO:1902903,regulation of supramolecular fiber organization,60/1943,400/18986,0.15,1.4657231085949562,3.1785825578092375,0.001619416878339944,0.04455905554449172,0.04088499744726007,79709/2039/10178/116985/23580/114822/9026/2006/653440/5296/1003/10458/50848/22899/6376/10013/10435/10174/11346/374666/2185/2242/57175/6366/3059/822/85358/51466/90952/5829/11151/55160/10411/7148/348/1236/2934/28984/5204/57580/389/25802/30008/2041/6710/1291/57662/165/5341/10297/5345/1410/9037/6387/91663/7984/1901/3339/11135/1191,60
GO:0030072,peptide hormone secretion,41/1943,250/18986,0.164,1.602523932063819,3.237982864638505,0.00162641752151981,0.04455905554449172,0.04088499744726007,84300/80024/25874/2852/338557/79751/5715/8398/358/65985/8938/6352/90007/415116/3767/51092/6927/2550/27433/2645/55107/10411/10312/6833/8111/3630/3651/116/5799/55512/3123/846/5798/111/2696/240/640/7849/114131/3170/2922,41
GO:0006006,glucose metabolic process,34/1943,197/18986,0.17258883248730963,1.6864496004138245,3.2700817919899343,0.0016441975892916945,0.04455905554449172,0.04088499744726007,283450/221927/207/90673/51547/5224/2548/200186/90007/2542/3767/2026/4485/3481/2645/6097/2875/9563/3486/114897/9370/1609/3630/3487/3651/2784/7033/79660/3643/390637/4837/3479/150094/5166,34
GO:0002291,T cell activation via T cell receptor contact with antigen bound to MHC molecule on antigen presenting cell,6/1943,14/18986,0.42857142857142855,4.187780310271303,4.028696235343253,0.0016561219802651201,0.04455905554449172,0.04088499744726007,3965/7305/10859/3683/3109/3383,6
GO:0071888,macrophage apoptotic process,6/1943,14/18986,0.42857142857142855,4.187780310271303,4.028696235343253,0.0016561219802651201,0.04455905554449172,0.04088499744726007,1514/6352/80301/3665/1234/6480,6
GO:0098734,macromolecule depalmitoylation,6/1943,14/18986,0.42857142857142855,4.187780310271303,4.028696235343253,0.0016561219802651201,0.04455905554449172,0.04088499744726007,51104/58489/81926/11313/27351/126129,6
GO:1903038,negative regulation of leukocyte cell-cell adhesion,28/1943,153/18986,0.1830065359477124,1.7882460584165043,3.3053423569403906,0.001676810447103827,0.04490388164450812,0.041201391366445406,207/8764/7805/8379/3965/5777/6366/2615/972/3659/10288/10859/3718/135/3133/3566/11326/10077/11314/2302/11006/3123/1493/3559/54900/6693/6387/1840,28
GO:0055074,calcium ion homeostasis,51/1943,329/18986,0.15501519756838905,1.5147290483960034,3.1799800860321543,0.0017267799484360124,0.04602594778448138,0.04223093902421964,55177/221154/63933/80024/91689/2852/130733/2039/286097/10467/8996/79734/1003/6352/6376/1760/2185/5777/7070/5371/489/6366/83795/4283/2946/6348/11151/7052/54757/10312/3791/348/5330/1236/5788/9002/477/846/1535/1234/5664/6547/775/187/368/958/2890/6363/3932/6387/2812,51
GO:0006968,cellular defense response,13/1943,52/18986,0.25,2.4428718476582603,3.5178468163391368,0.0018049740040576125,0.046916334917375256,0.04304791046157633,7305/2185/4283/10578/5551/10288/135/3702/728/10312/4046/1234/6693,13
GO:0042832,defense response to protozoan,9/1943,29/18986,0.3103448275862069,3.032530569506806,3.6984517656247973,0.001807479516168765,0.046916334917375256,0.04304791046157633,115361/6556/64581/4818/3566/10077/3662/3394/958,9
GO:0060142,regulation of syncytium formation by plasma membrane fusion,9/1943,29/18986,0.3103448275862069,3.032530569506806,3.6984517656247973,0.001807479516168765,0.046916334917375256,0.04304791046157633,7305/4283/81501/3566/10411/30846/8740/963/130827,9
GO:0001788,antibody-dependent cellular cytotoxicity,5/1943,10/18986,0.5,4.8857436953165205,4.149927353351905,0.0018095360592255535,0.046916334917375256,0.04304791046157633,3500/2214/2213/2212/3133,5
GO:0070922,RISC complex assembly,5/1943,10/18986,0.5,4.8857436953165205,4.149927353351905,0.0018095360592255535,0.046916334917375256,0.04304791046157633,192670/192669/26523/27161/6895,5
GO:2000508,regulation of dendritic cell chemotaxis,5/1943,10/18986,0.5,4.8857436953165205,4.149927353351905,0.0018095360592255535,0.046916334917375256,0.04304791046157633,3965/6366/2621/56833/1236,5
GO:0002819,regulation of adaptive immune response,37/1943,221/18986,0.167420814479638,1.6359503776172966,3.2108037463887764,0.0018458626298550843,0.04764163095336381,0.04371340317046667,56941/7297/8764/3134/84861/7133/3665/5777/920/6778/3659/2213/6556/10865/64581/3122/10859/3718/3575/3133/3566/9173/3824/2302/3726/11006/8741/7128/5788/3554/911/54440/3123/6693/634/958/6363,37
GO:0043549,regulation of kinase activity,67/1943,460/18986,0.14565217391304347,1.4232383808095952,3.102714456837008,0.001927524480327944,0.04893554923142148,0.04490063312516196,51527/100310812/29990/10178/84619/100133941/4296/207/5609/5605/79643/84335/9094/9618/90007/2185/80279/442590/1436/920/7070/972/5159/6895/2268/3937/4485/5606/2621/23533/23624/5155/80725/57732/84630/9479/728/11314/348/2321/56833/11006/9370/1236/84166/7128/5788/4739/3630/894/28984/116/9961/3123/4282/55861/79092/2041/9079/6547/634/3643/6363/2246/7984/3479/11122,67
GO:0002524,hypersensitivity,7/1943,19/18986,0.3684210526315789,3.6000216702332257,3.8284512831331443,0.0019303118122492695,0.04893554923142148,0.04490063312516196,3500/2214/2213/2212/3133/1236/6693,7
GO:0031643,positive regulation of myelination,7/1943,19/18986,0.3684210526315789,3.6000216702332257,3.8284512831331443,0.0019303118122492695,0.04893554923142148,0.04490063312516196,400746/745/26011/5129/11076/7133/3687,7
GO:0140131,positive regulation of lymphocyte chemotaxis,7/1943,19/18986,0.3684210526315789,3.6000216702332257,3.8284512831331443,0.0019303118122492695,0.04893554923142148,0.04490063312516196,6352/2185/6366/6348/6351/4739/8740,7
GO:0032970,regulation of actin filament-based process,59/1943,395/18986,0.14936708860759493,1.459538622904682,3.116290027458864,0.0019455761834794897,0.049104276772420394,0.04505544845952503,440335/2039/10178/8558/116985/23580/114822/11170/9026/2006/653440/5296/10458/50848/22899/6376/10435/2702/10174/11346/374666/2185/57175/1436/6366/5881/59/5159/3059/27237/822/85358/51466/90952/5829/11151/55160/10411/1236/8153/4739/2934/28984/477/684/57580/389/25802/2041/6710/775/5341/5345/9037/6387/91663/7984/1901/11135,59
GO:0002275,myeloid cell activation involved in immune response,20/1943,98/18986,0.20408163265306123,1.9941811001291923,3.3316105800149955,0.0019659821382304768,0.04938721798899,0.04531506013162661,3965/6688/3689/7305/2242/5777/2268/6348/6813/5730/8832/2207/3566/11314/5880/201294/3430/8673/10814/2922,20
GO:0032615,interleukin-12 production,15/1943,65/18986,0.23076923076923078,2.254958628607625,3.4220214183940567,0.0019827617320264217,0.04938721798899,0.04531506013162661,7805/3965/5600/3659/64581/10859/1240/3718/54/1236/3603/3663/3394/958/6363,15
GO:0032655,regulation of interleukin-12 production,15/1943,65/18986,0.23076923076923078,2.254958628607625,3.4220214183940567,0.0019827617320264217,0.04938721798899,0.04531506013162661,7805/3965/5600/3659/64581/10859/1240/3718/54/1236/3603/3663/3394/958/6363,15
